{
"type": "FeatureCollection",
"features": [
{ "type": "Feature", "properties": { "TLID": 103744193, "FNODE": 2, "TNODE": 3, "LENGTH": 0.265650, "FEDIRP": "", "FENAME": "Railroad", "FETYPE": "", "FEDIRS": "", "CFCC": "B11", "FRADDL": 0.000000, "TOADDL": 0.000000, "FRADDR": 0.000000, "TOADDR": 0.000000, "ZIPL": "", "ZIPR": "", "CENSUS1": "0", "CENSUS2": "0", "CFCC1": "B", "CFCC2": "B1", "SOURCE": "B" }, "geometry": { "type": "LineString", "coordinates": [ [ -76.752444, 37.340771 ], [ -76.749681, 37.338011 ], [ -76.749431, 37.337761 ] ] } }
,
{ "type": "Feature", "properties": { "TLID": 103744415, "FNODE": 1, "TNODE": 2, "LENGTH": 0.159550, "FEDIRP": "", "FENAME": "Railroad", "FETYPE": "", "FEDIRS": "", "CFCC": "B11", "FRADDL": 0.000000, "TOADDL": 0.000000, "FRADDR": 0.000000, "TOADDR": 0.000000, "ZIPL": "", "ZIPR": "", "CENSUS1": "0", "CENSUS2": "0", "CFCC1": "B", "CFCC2": "B1", "SOURCE": "J" }, "geometry": { "type": "LineString", "coordinates": [ [ -76.754234, 37.342591 ], [ -76.753416, 37.341743 ], [ -76.752444, 37.340771 ] ] } }
,
{ "type": "Feature", "properties": { "TLID": 103747119, "FNODE": 6, "TNODE": 5, "LENGTH": 0.629360, "FEDIRP": "", "FENAME": "Railroad", "FETYPE": "", "FEDIRS": "", "CFCC": "B11", "FRADDL": 0.000000, "TOADDL": 0.000000, "FRADDR": 0.000000, "TOADDR": 0.000000, "ZIPL": "", "ZIPR": "", "CENSUS1": "0", "CENSUS2": "0", "CFCC1": "B", "CFCC2": "B1", "SOURCE": "A" }, "geometry": { "type": "LineString", "coordinates": [ [ -76.723439, 37.293602 ], [ -76.723823, 37.294418 ], [ -76.724495, 37.295906 ], [ -76.725184, 37.297442 ], [ -76.725952, 37.299426 ], [ -76.726688, 37.301106 ], [ -76.727136, 37.302226 ] ] } }
,
{ "type": "Feature", "properties": { "TLID": 103747669, "FNODE": 24, "TNODE": 23, "LENGTH": 0.050830, "FEDIRP": "", "FENAME": "Railroad", "FETYPE": "", "FEDIRS": "", "CFCC": "B11", "FRADDL": 0.000000, "TOADDL": 0.000000, "FRADDR": 0.000000, "TOADDR": 0.000000, "ZIPL": "", "ZIPR": "", "CENSUS1": "0", "CENSUS2": "0", "CFCC1": "B", "CFCC2": "B1", "SOURCE": "A" }, "geometry": { "type": "LineString", "coordinates": [ [ -76.628988, 37.282225 ], [ -76.629004, 37.281489 ] ] } }
,
{ "type": "Feature", "properties": { "TLID": 103747674, "FNODE": 23, "TNODE": 22, "LENGTH": 0.052810, "FEDIRP": "", "FENAME": "Railroad", "FETYPE": "", "FEDIRS": "", "CFCC": "B11", "FRADDL": 0.000000, "TOADDL": 0.000000, "FRADDR": 0.000000, "TOADDR": 0.000000, "ZIPL": "", "ZIPR": "", "CENSUS1": "0", "CENSUS2": "0", "CFCC1": "B", "CFCC2": "B1", "SOURCE": "A" }, "geometry": { "type": "LineString", "coordinates": [ [ -76.629004, 37.281489 ], [ -76.629052, 37.281361 ], [ -76.629116, 37.281185 ], [ -76.629228, 37.280977 ], [ -76.629324, 37.280769 ] ] } }
,
{ "type": "Feature", "properties": { "TLID": 103748566, "FNODE": 8, "TNODE": 7, "LENGTH": 0.045080, "FEDIRP": "", "FENAME": "Railroad", "FETYPE": "", "FEDIRS": "", "CFCC": "B11", "FRADDL": 0.000000, "TOADDL": 0.000000, "FRADDR": 0.000000, "TOADDR": 0.000000, "ZIPL": "", "ZIPR": "", "CENSUS1": "0", "CENSUS2": "0", "CFCC1": "B", "CFCC2": "B1", "SOURCE": "A" }, "geometry": { "type": "LineString", "coordinates": [ [ -76.663373, 37.259842 ], [ -76.664157, 37.259650 ] ] } }
,
{ "type": "Feature", "properties": { "TLID": 103748647, "FNODE": 13, "TNODE": 12, "LENGTH": 0.046330, "FEDIRP": "", "FENAME": "Railroad", "FETYPE": "", "FEDIRS": "", "CFCC": "B11", "FRADDL": 0.000000, "TOADDL": 0.000000, "FRADDR": 0.000000, "TOADDR": 0.000000, "ZIPL": "", "ZIPR": "", "CENSUS1": "0", "CENSUS2": "0", "CFCC1": "B", "CFCC2": "B1", "SOURCE": "A" }, "geometry": { "type": "LineString", "coordinates": [ [ -76.648765, 37.261041 ], [ -76.649149, 37.260865 ], [ -76.649465, 37.260670 ] ] } }
,
{ "type": "Feature", "properties": { "TLID": 103748649, "FNODE": 17, "TNODE": 13, "LENGTH": 0.040410, "FEDIRP": "", "FENAME": "Railroad", "FETYPE": "", "FEDIRS": "", "CFCC": "B11", "FRADDL": 0.000000, "TOADDL": 0.000000, "FRADDR": 0.000000, "TOADDR": 0.000000, "ZIPL": "", "ZIPR": "", "CENSUS1": "0", "CENSUS2": "0", "CFCC1": "B", "CFCC2": "B1", "SOURCE": "A" }, "geometry": { "type": "LineString", "coordinates": [ [ -76.648125, 37.261329 ], [ -76.648765, 37.261041 ] ] } }
,
{ "type": "Feature", "properties": { "TLID": 103748793, "FNODE": 18, "TNODE": 17, "LENGTH": 0.712190, "FEDIRP": "", "FENAME": "Railroad", "FETYPE": "", "FEDIRS": "", "CFCC": "B11", "FRADDL": 0.000000, "TOADDL": 0.000000, "FRADDR": 0.000000, "TOADDR": 0.000000, "ZIPL": "", "ZIPR": "", "CENSUS1": "0", "CENSUS2": "0", "CFCC1": "B", "CFCC2": "B1", "SOURCE": "A" }, "geometry": { "type": "LineString", "coordinates": [ [ -76.639453, 37.268625 ], [ -76.639629, 37.268065 ], [ -76.639789, 37.267889 ], [ -76.640061, 37.267569 ], [ -76.640365, 37.267281 ], [ -76.640749, 37.266769 ], [ -76.641261, 37.266321 ], [ -76.641693, 37.265841 ], [ -76.642109, 37.265377 ], [ -76.642605, 37.264849 ], [ -76.642797, 37.264529 ], [ -76.643101, 37.264129 ], [ -76.643485, 37.263825 ], [ -76.644029, 37.263377 ], [ -76.644541, 37.263073 ], [ -76.645165, 37.262737 ], [ -76.645645, 37.262449 ], [ -76.646589, 37.261969 ], [ -76.647453, 37.261585 ], [ -76.648125, 37.261329 ] ] } }
,
{ "type": "Feature", "properties": { "TLID": 103748856, "FNODE": 20, "TNODE": 26, "LENGTH": 0.382820, "FEDIRP": "", "FENAME": "Railroad", "FETYPE": "", "FEDIRS": "", "CFCC": "B11", "FRADDL": 0.000000, "TOADDL": 0.000000, "FRADDR": 0.000000, "TOADDR": 0.000000, "ZIPL": "", "ZIPR": "", "CENSUS1": "0", "CENSUS2": "0", "CFCC1": "B", "CFCC2": "B1", "SOURCE": "A" }, "geometry": { "type": "LineString", "coordinates": [ [ -76.632348, 37.236338 ], [ -76.631708, 37.236018 ], [ -76.630908, 37.235474 ], [ -76.630316, 37.235058 ], [ -76.630092, 37.234898 ], [ -76.629388, 37.234306 ], [ -76.628460, 37.233586 ], [ -76.627788, 37.233090 ], [ -76.627180, 37.232642 ] ] } }
,
{ "type": "Feature", "properties": { "TLID": 103749993, "FNODE": 30, "TNODE": 31, "LENGTH": 0.583980, "FEDIRP": "", "FENAME": "Railroad", "FETYPE": "", "FEDIRS": "", "CFCC": "B11", "FRADDL": 0.000000, "TOADDL": 0.000000, "FRADDR": 0.000000, "TOADDR": 0.000000, "ZIPL": "", "ZIPR": "", "CENSUS1": "0", "CENSUS2": "0", "CFCC1": "B", "CFCC2": "B1", "SOURCE": "A" }, "geometry": { "type": "LineString", "coordinates": [ [ -76.515193, 37.173329 ], [ -76.505369, 37.176529 ] ] } }
,
{ "type": "Feature", "properties": { "TLID": 103752148, "FNODE": 35, "TNODE": 36, "LENGTH": 0.231280, "FEDIRP": "", "FENAME": "Railroad", "FETYPE": "", "FEDIRS": "", "CFCC": "B11", "FRADDL": 0.000000, "TOADDL": 0.000000, "FRADDR": 0.000000, "TOADDR": 0.000000, "ZIPL": "", "ZIPR": "", "CENSUS1": "0", "CENSUS2": "0", "CFCC1": "B", "CFCC2": "B1", "SOURCE": "A" }, "geometry": { "type": "LineString", "coordinates": [ [ -76.488088, 37.182800 ], [ -76.484312, 37.184272 ] ] } }
,
{ "type": "Feature", "properties": { "TLID": 103752150, "FNODE": 36, "TNODE": 37, "LENGTH": 0.203800, "FEDIRP": "", "FENAME": "Railroad", "FETYPE": "", "FEDIRS": "", "CFCC": "B11", "FRADDL": 0.000000, "TOADDL": 0.000000, "FRADDR": 0.000000, "TOADDR": 0.000000, "ZIPL": "", "ZIPR": "", "CENSUS1": "0", "CENSUS2": "0", "CFCC1": "B", "CFCC2": "B1", "SOURCE": "A" }, "geometry": { "type": "LineString", "coordinates": [ [ -76.484312, 37.184272 ], [ -76.480984, 37.185568 ] ] } }
,
{ "type": "Feature", "properties": { "TLID": 103752152, "FNODE": 31, "TNODE": 32, "LENGTH": 0.215110, "FEDIRP": "", "FENAME": "Railroad", "FETYPE": "", "FEDIRS": "", "CFCC": "B11", "FRADDL": 0.000000, "TOADDL": 0.000000, "FRADDR": 0.000000, "TOADDR": 0.000000, "ZIPL": "", "ZIPR": "", "CENSUS1": "0", "CENSUS2": "0", "CFCC1": "B", "CFCC2": "B1", "SOURCE": "A" }, "geometry": { "type": "LineString", "coordinates": [ [ -76.505369, 37.176529 ], [ -76.501811, 37.177820 ] ] } }
,
{ "type": "Feature", "properties": { "TLID": 103752178, "FNODE": 37, "TNODE": 38, "LENGTH": 1.064240, "FEDIRP": "", "FENAME": "Railroad", "FETYPE": "", "FEDIRS": "", "CFCC": "B11", "FRADDL": 0.000000, "TOADDL": 0.000000, "FRADDR": 0.000000, "TOADDR": 0.000000, "ZIPL": "", "ZIPR": "", "CENSUS1": "0", "CENSUS2": "0", "CFCC1": "B", "CFCC2": "B1", "SOURCE": "A" }, "geometry": { "type": "LineString", "coordinates": [ [ -76.480984, 37.185568 ], [ -76.473879, 37.188304 ], [ -76.472567, 37.189024 ], [ -76.471783, 37.189696 ], [ -76.470999, 37.190928 ], [ -76.470215, 37.192480 ], [ -76.469575, 37.193632 ], [ -76.468823, 37.194736 ], [ -76.468007, 37.195568 ], [ -76.467735, 37.195792 ] ] } }
,
{ "type": "Feature", "properties": { "TLID": 103752179, "FNODE": 38, "TNODE": 39, "LENGTH": 0.366990, "FEDIRP": "", "FENAME": "Railroad", "FETYPE": "", "FEDIRS": "", "CFCC": "B11", "FRADDL": 0.000000, "TOADDL": 0.000000, "FRADDR": 0.000000, "TOADDR": 0.000000, "ZIPL": "", "ZIPR": "", "CENSUS1": "0", "CENSUS2": "0", "CFCC1": "B", "CFCC2": "B1", "SOURCE": "A" }, "geometry": { "type": "LineString", "coordinates": [ [ -76.467735, 37.195792 ], [ -76.467095, 37.196368 ], [ -76.463063, 37.199584 ] ] } }
,
{ "type": "Feature", "properties": { "TLID": 103752223, "FNODE": 39, "TNODE": 40, "LENGTH": 0.544810, "FEDIRP": "", "FENAME": "Railroad", "FETYPE": "", "FEDIRS": "", "CFCC": "B11", "FRADDL": 0.000000, "TOADDL": 0.000000, "FRADDR": 0.000000, "TOADDR": 0.000000, "ZIPL": "", "ZIPR": "", "CENSUS1": "0", "CENSUS2": "0", "CFCC1": "B", "CFCC2": "B1", "SOURCE": "A" }, "geometry": { "type": "LineString", "coordinates": [ [ -76.463063, 37.199584 ], [ -76.461671, 37.200848 ], [ -76.461335, 37.202128 ], [ -76.461239, 37.204224 ], [ -76.461055, 37.207023 ] ] } }
,
{ "type": "Feature", "properties": { "TLID": 103786184, "FNODE": 22, "TNODE": 21, "LENGTH": 0.204490, "FEDIRP": "", "FENAME": "Railroad", "FETYPE": "", "FEDIRS": "", "CFCC": "B11", "FRADDL": 0.000000, "TOADDL": 0.000000, "FRADDR": 0.000000, "TOADDR": 0.000000, "ZIPL": "", "ZIPR": "", "CENSUS1": "0", "CENSUS2": "0", "CFCC1": "B", "CFCC2": "B1", "SOURCE": "A" }, "geometry": { "type": "LineString", "coordinates": [ [ -76.629324, 37.280769 ], [ -76.629628, 37.280737 ], [ -76.629948, 37.280481 ], [ -76.630396, 37.280225 ], [ -76.630972, 37.279873 ], [ -76.631292, 37.279553 ], [ -76.631468, 37.279345 ], [ -76.631596, 37.279025 ], [ -76.631772, 37.278711 ] ] } }
,
{ "type": "Feature", "properties": { "TLID": 103786185, "FNODE": 21, "TNODE": 18, "LENGTH": 0.854520, "FEDIRP": "", "FENAME": "Railroad", "FETYPE": "", "FEDIRS": "", "CFCC": "B11", "FRADDL": 0.000000, "TOADDL": 0.000000, "FRADDR": 0.000000, "TOADDR": 0.000000, "ZIPL": "", "ZIPR": "", "CENSUS1": "0", "CENSUS2": "0", "CFCC1": "B", "CFCC2": "B1", "SOURCE": "A" }, "geometry": { "type": "LineString", "coordinates": [ [ -76.631772, 37.278711 ], [ -76.631820, 37.278625 ], [ -76.632076, 37.278097 ], [ -76.632316, 37.277537 ], [ -76.632588, 37.277041 ], [ -76.632972, 37.276417 ], [ -76.633276, 37.275905 ], [ -76.633692, 37.275393 ], [ -76.633964, 37.275041 ], [ -76.634236, 37.274657 ], [ -76.634652, 37.274209 ], [ -76.635020, 37.273825 ], [ -76.635356, 37.273553 ], [ -76.635693, 37.273377 ], [ -76.635981, 37.273265 ], [ -76.636541, 37.273009 ], [ -76.637005, 37.272833 ], [ -76.637325, 37.272673 ], [ -76.637757, 37.272449 ], [ -76.637981, 37.272337 ], [ -76.638253, 37.272177 ], [ -76.638429, 37.272017 ], [ -76.638589, 37.271825 ], [ -76.638797, 37.271409 ], [ -76.639021, 37.270689 ], [ -76.639229, 37.270017 ], [ -76.639437, 37.269329 ], [ -76.639517, 37.268977 ], [ -76.639453, 37.268625 ] ] } }
,
{ "type": "Feature", "properties": { "TLID": 103786355, "FNODE": 27, "TNODE": 25, "LENGTH": 0.394120, "FEDIRP": "", "FENAME": "Railroad", "FETYPE": "", "FEDIRS": "", "CFCC": "B11", "FRADDL": 0.000000, "TOADDL": 0.000000, "FRADDR": 0.000000, "TOADDR": 0.000000, "ZIPL": "", "ZIPR": "", "CENSUS1": "0", "CENSUS2": "0", "CFCC1": "B", "CFCC2": "B1", "SOURCE": "A" }, "geometry": { "type": "LineString", "coordinates": [ [ -76.623500, 37.281857 ], [ -76.623852, 37.282097 ], [ -76.625212, 37.282881 ], [ -76.625804, 37.283297 ], [ -76.627116, 37.283889 ], [ -76.627484, 37.284017 ], [ -76.628172, 37.283809 ], [ -76.628364, 37.283649 ], [ -76.628716, 37.283201 ], [ -76.628908, 37.282817 ], [ -76.628954, 37.282718 ] ] } }
,
{ "type": "Feature", "properties": { "TLID": 103786356, "FNODE": 25, "TNODE": 24, "LENGTH": 0.035020, "FEDIRP": "", "FENAME": "Railroad", "FETYPE": "", "FEDIRS": "", "CFCC": "B11", "FRADDL": 0.000000, "TOADDL": 0.000000, "FRADDR": 0.000000, "TOADDR": 0.000000, "ZIPL": "", "ZIPR": "", "CENSUS1": "0", "CENSUS2": "0", "CFCC1": "B", "CFCC2": "B1", "SOURCE": "A" }, "geometry": { "type": "LineString", "coordinates": [ [ -76.628954, 37.282718 ], [ -76.629036, 37.282545 ], [ -76.628988, 37.282225 ] ] } }
,
{ "type": "Feature", "properties": { "TLID": 103786733, "FNODE": 45, "TNODE": 46, "LENGTH": 0.113360, "FEDIRP": "", "FENAME": "Railroad", "FETYPE": "", "FEDIRS": "", "CFCC": "B11", "FRADDL": 0.000000, "TOADDL": 0.000000, "FRADDR": 0.000000, "TOADDR": 0.000000, "ZIPL": "", "ZIPR": "", "CENSUS1": "0", "CENSUS2": "0", "CFCC1": "B", "CFCC2": "B1", "SOURCE": "A" }, "geometry": { "type": "LineString", "coordinates": [ [ -76.447763, 37.208225 ], [ -76.445702, 37.208223 ] ] } }
,
{ "type": "Feature", "properties": { "TLID": 103786764, "FNODE": 44, "TNODE": 45, "LENGTH": 0.136070, "FEDIRP": "", "FENAME": "Railroad", "FETYPE": "", "FEDIRS": "", "CFCC": "B11", "FRADDL": 0.000000, "TOADDL": 0.000000, "FRADDR": 0.000000, "TOADDR": 0.000000, "ZIPL": "", "ZIPR": "", "CENSUS1": "0", "CENSUS2": "0", "CFCC1": "B", "CFCC2": "B1", "SOURCE": "A" }, "geometry": { "type": "LineString", "coordinates": [ [ -76.450237, 37.208228 ], [ -76.447763, 37.208225 ] ] } }
,
{ "type": "Feature", "properties": { "TLID": 103786775, "FNODE": 43, "TNODE": 44, "LENGTH": 0.191240, "FEDIRP": "", "FENAME": "Railroad", "FETYPE": "", "FEDIRS": "", "CFCC": "B11", "FRADDL": 0.000000, "TOADDL": 0.000000, "FRADDR": 0.000000, "TOADDR": 0.000000, "ZIPL": "", "ZIPR": "", "CENSUS1": "0", "CENSUS2": "0", "CFCC1": "B", "CFCC2": "B1", "SOURCE": "A" }, "geometry": { "type": "LineString", "coordinates": [ [ -76.453711, 37.208346 ], [ -76.450237, 37.208228 ] ] } }
,
{ "type": "Feature", "properties": { "TLID": 103786823, "FNODE": 42, "TNODE": 43, "LENGTH": 0.142250, "FEDIRP": "", "FENAME": "Railroad", "FETYPE": "", "FEDIRS": "", "CFCC": "B11", "FRADDL": 0.000000, "TOADDL": 0.000000, "FRADDR": 0.000000, "TOADDR": 0.000000, "ZIPL": "", "ZIPR": "", "CENSUS1": "0", "CENSUS2": "0", "CFCC1": "B", "CFCC2": "B1", "SOURCE": "A" }, "geometry": { "type": "LineString", "coordinates": [ [ -76.456297, 37.208312 ], [ -76.453711, 37.208346 ] ] } }
,
{ "type": "Feature", "properties": { "TLID": 103786830, "FNODE": 40, "TNODE": 41, "LENGTH": 0.219300, "FEDIRP": "", "FENAME": "Railroad", "FETYPE": "", "FEDIRS": "", "CFCC": "B11", "FRADDL": 0.000000, "TOADDL": 0.000000, "FRADDR": 0.000000, "TOADDR": 0.000000, "ZIPL": "", "ZIPR": "", "CENSUS1": "0", "CENSUS2": "0", "CFCC1": "B", "CFCC2": "B1", "SOURCE": "A" }, "geometry": { "type": "LineString", "coordinates": [ [ -76.461055, 37.207023 ], [ -76.461065, 37.207640 ], [ -76.460813, 37.208030 ], [ -76.460336, 37.208260 ], [ -76.458232, 37.208287 ] ] } }
,
{ "type": "Feature", "properties": { "TLID": 103786831, "FNODE": 41, "TNODE": 42, "LENGTH": 0.106440, "FEDIRP": "", "FENAME": "Railroad", "FETYPE": "", "FEDIRS": "", "CFCC": "B11", "FRADDL": 0.000000, "TOADDL": 0.000000, "FRADDR": 0.000000, "TOADDR": 0.000000, "ZIPL": "", "ZIPR": "", "CENSUS1": "0", "CENSUS2": "0", "CFCC1": "B", "CFCC2": "B1", "SOURCE": "A" }, "geometry": { "type": "LineString", "coordinates": [ [ -76.458232, 37.208287 ], [ -76.456297, 37.208312 ] ] } }
,
{ "type": "Feature", "properties": { "TLID": 103788384, "FNODE": 10, "TNODE": 8, "LENGTH": 0.238960, "FEDIRP": "", "FENAME": "Railroad", "FETYPE": "", "FEDIRS": "", "CFCC": "B11", "FRADDL": 0.000000, "TOADDL": 0.000000, "FRADDR": 0.000000, "TOADDR": 0.000000, "ZIPL": "", "ZIPR": "", "CENSUS1": "0", "CENSUS2": "0", "CFCC1": "B", "CFCC2": "B1", "SOURCE": "A" }, "geometry": { "type": "LineString", "coordinates": [ [ -76.659071, 37.259570 ], [ -76.659949, 37.259698 ], [ -76.662333, 37.259954 ], [ -76.663373, 37.259842 ] ] } }
,
{ "type": "Feature", "properties": { "TLID": 103788393, "FNODE": 12, "TNODE": 11, "LENGTH": 0.015350, "FEDIRP": "", "FENAME": "Railroad", "FETYPE": "", "FEDIRS": "", "CFCC": "B11", "FRADDL": 0.000000, "TOADDL": 0.000000, "FRADDR": 0.000000, "TOADDR": 0.000000, "ZIPL": "", "ZIPR": "", "CENSUS1": "0", "CENSUS2": "0", "CFCC1": "B", "CFCC2": "B1", "SOURCE": "A" }, "geometry": { "type": "LineString", "coordinates": [ [ -76.649465, 37.260670 ], [ -76.649686, 37.260534 ] ] } }
,
{ "type": "Feature", "properties": { "TLID": 103788469, "FNODE": 9, "TNODE": 16, "LENGTH": 1.084650, "FEDIRP": "", "FENAME": "Railroad", "FETYPE": "", "FEDIRS": "", "CFCC": "B11", "FRADDL": 0.000000, "TOADDL": 0.000000, "FRADDR": 0.000000, "TOADDR": 0.000000, "ZIPL": "", "ZIPR": "", "CENSUS1": "0", "CENSUS2": "0", "CFCC1": "B", "CFCC2": "B1", "SOURCE": "A" }, "geometry": { "type": "LineString", "coordinates": [ [ -76.662669, 37.251810 ], [ -76.660541, 37.250018 ], [ -76.659037, 37.248690 ], [ -76.657517, 37.247490 ], [ -76.656541, 37.246706 ], [ -76.655469, 37.245938 ], [ -76.654685, 37.245314 ], [ -76.653741, 37.244594 ], [ -76.652077, 37.243394 ], [ -76.650397, 37.242018 ], [ -76.649485, 37.241362 ], [ -76.648617, 37.240803 ] ] } }
,
{ "type": "Feature", "properties": { "TLID": 103788473, "FNODE": 16, "TNODE": 15, "LENGTH": 0.080300, "FEDIRP": "", "FENAME": "", "FETYPE": "", "FEDIRS": "", "CFCC": "B21", "FRADDL": 0.000000, "TOADDL": 0.000000, "FRADDR": 0.000000, "TOADDR": 0.000000, "ZIPL": "", "ZIPR": "", "CENSUS1": "0", "CENSUS2": "0", "CFCC1": "B", "CFCC2": "B2", "SOURCE": "N" }, "geometry": { "type": "LineString", "coordinates": [ [ -76.648617, 37.240803 ], [ -76.648580, 37.240274 ], [ -76.648679, 37.239646 ] ] } }
,
{ "type": "Feature", "properties": { "TLID": 103788476, "FNODE": 15, "TNODE": 14, "LENGTH": 0.024860, "FEDIRP": "", "FENAME": "", "FETYPE": "", "FEDIRS": "", "CFCC": "B21", "FRADDL": 0.000000, "TOADDL": 0.000000, "FRADDR": 0.000000, "TOADDR": 0.000000, "ZIPL": "", "ZIPR": "", "CENSUS1": "0", "CENSUS2": "0", "CFCC1": "B", "CFCC2": "B2", "SOURCE": "N" }, "geometry": { "type": "LineString", "coordinates": [ [ -76.648679, 37.239646 ], [ -76.648737, 37.239289 ] ] } }
,
{ "type": "Feature", "properties": { "TLID": 103789165, "FNODE": 34, "TNODE": 35, "LENGTH": 0.101010, "FEDIRP": "", "FENAME": "Railroad", "FETYPE": "", "FEDIRS": "", "CFCC": "B11", "FRADDL": 0.000000, "TOADDL": 0.000000, "FRADDR": 0.000000, "TOADDR": 0.000000, "ZIPL": "", "ZIPR": "", "CENSUS1": "0", "CENSUS2": "0", "CFCC1": "B", "CFCC2": "B1", "SOURCE": "A" }, "geometry": { "type": "LineString", "coordinates": [ [ -76.489759, 37.182194 ], [ -76.488088, 37.182800 ] ] } }
,
{ "type": "Feature", "properties": { "TLID": 103789175, "FNODE": 28, "TNODE": 29, "LENGTH": 0.035330, "FEDIRP": "", "FENAME": "Railroad", "FETYPE": "", "FEDIRS": "", "CFCC": "B11", "FRADDL": 0.000000, "TOADDL": 0.000000, "FRADDR": 0.000000, "TOADDR": 0.000000, "ZIPL": "", "ZIPR": "", "CENSUS1": "0", "CENSUS2": "0", "CFCC1": "B", "CFCC2": "B1", "SOURCE": "A" }, "geometry": { "type": "LineString", "coordinates": [ [ -76.520973, 37.171245 ], [ -76.520388, 37.171456 ] ] } }
,
{ "type": "Feature", "properties": { "TLID": 103789176, "FNODE": 29, "TNODE": 30, "LENGTH": 0.313760, "FEDIRP": "", "FENAME": "Railroad", "FETYPE": "", "FEDIRS": "", "CFCC": "B11", "FRADDL": 0.000000, "TOADDL": 0.000000, "FRADDR": 0.000000, "TOADDR": 0.000000, "ZIPL": "", "ZIPR": "", "CENSUS1": "0", "CENSUS2": "0", "CFCC1": "B", "CFCC2": "B1", "SOURCE": "A" }, "geometry": { "type": "LineString", "coordinates": [ [ -76.520388, 37.171456 ], [ -76.515193, 37.173329 ] ] } }
,
{ "type": "Feature", "properties": { "TLID": 103789183, "FNODE": 32, "TNODE": 33, "LENGTH": 0.689670, "FEDIRP": "", "FENAME": "Railroad", "FETYPE": "", "FEDIRS": "", "CFCC": "B11", "FRADDL": 0.000000, "TOADDL": 0.000000, "FRADDR": 0.000000, "TOADDR": 0.000000, "ZIPL": "", "ZIPR": "", "CENSUS1": "0", "CENSUS2": "0", "CFCC1": "B", "CFCC2": "B1", "SOURCE": "A" }, "geometry": { "type": "LineString", "coordinates": [ [ -76.501811, 37.177820 ], [ -76.490404, 37.181960 ] ] } }
,
{ "type": "Feature", "properties": { "TLID": 103789184, "FNODE": 33, "TNODE": 34, "LENGTH": 0.038990, "FEDIRP": "", "FENAME": "Railroad", "FETYPE": "", "FEDIRS": "", "CFCC": "B11", "FRADDL": 0.000000, "TOADDL": 0.000000, "FRADDR": 0.000000, "TOADDR": 0.000000, "ZIPL": "", "ZIPR": "", "CENSUS1": "0", "CENSUS2": "0", "CFCC1": "B", "CFCC2": "B1", "SOURCE": "A" }, "geometry": { "type": "LineString", "coordinates": [ [ -76.490404, 37.181960 ], [ -76.489759, 37.182194 ] ] } }
,
{ "type": "Feature", "properties": { "TLID": 103790357, "FNODE": 16, "TNODE": 19, "LENGTH": 0.763500, "FEDIRP": "", "FENAME": "Railroad", "FETYPE": "", "FEDIRS": "", "CFCC": "B11", "FRADDL": 0.000000, "TOADDL": 0.000000, "FRADDR": 0.000000, "TOADDR": 0.000000, "ZIPL": "", "ZIPR": "", "CENSUS1": "0", "CENSUS2": "0", "CFCC1": "B", "CFCC2": "B1", "SOURCE": "A" }, "geometry": { "type": "LineString", "coordinates": [ [ -76.648617, 37.240803 ], [ -76.648541, 37.240754 ], [ -76.648205, 37.240466 ], [ -76.647453, 37.239954 ], [ -76.647005, 37.239714 ], [ -76.646173, 37.239506 ], [ -76.643757, 37.239058 ], [ -76.641517, 37.238610 ], [ -76.639469, 37.238034 ], [ -76.637981, 37.237650 ], [ -76.636477, 37.237362 ], [ -76.635682, 37.237199 ] ] } }
,
{ "type": "Feature", "properties": { "TLID": 103790358, "FNODE": 19, "TNODE": 20, "LENGTH": 0.193030, "FEDIRP": "", "FENAME": "Railroad", "FETYPE": "", "FEDIRS": "", "CFCC": "B11", "FRADDL": 0.000000, "TOADDL": 0.000000, "FRADDR": 0.000000, "TOADDR": 0.000000, "ZIPL": "", "ZIPR": "", "CENSUS1": "0", "CENSUS2": "0", "CFCC1": "B", "CFCC2": "B1", "SOURCE": "A" }, "geometry": { "type": "LineString", "coordinates": [ [ -76.635682, 37.237199 ], [ -76.635308, 37.237122 ], [ -76.634268, 37.236914 ], [ -76.633852, 37.236786 ], [ -76.633404, 37.236658 ], [ -76.632812, 37.236466 ], [ -76.632348, 37.236338 ] ] } }
,
{ "type": "Feature", "properties": { "TLID": 103790788, "FNODE": 3, "TNODE": 4, "LENGTH": 0.029610, "FEDIRP": "", "FENAME": "Railroad", "FETYPE": "", "FEDIRS": "", "CFCC": "B13", "FRADDL": 0.000000, "TOADDL": 0.000000, "FRADDR": 0.000000, "TOADDR": 0.000000, "ZIPL": "", "ZIPR": "", "CENSUS1": "0", "CENSUS2": "0", "CFCC1": "B", "CFCC2": "B1", "SOURCE": "K" }, "geometry": { "type": "LineString", "coordinates": [ [ -76.749431, 37.337761 ], [ -76.749317, 37.337614 ], [ -76.749148, 37.337396 ] ] } }
,
{ "type": "Feature", "properties": { "TLID": 103790792, "FNODE": 11, "TNODE": 10, "LENGTH": 0.551760, "FEDIRP": "", "FENAME": "Railroad", "FETYPE": "", "FEDIRS": "", "CFCC": "B11", "FRADDL": 0.000000, "TOADDL": 0.000000, "FRADDR": 0.000000, "TOADDR": 0.000000, "ZIPL": "", "ZIPR": "", "CENSUS1": "0", "CENSUS2": "0", "CFCC1": "B", "CFCC2": "B1", "SOURCE": "K" }, "geometry": { "type": "LineString", "coordinates": [ [ -76.649686, 37.260534 ], [ -76.649981, 37.260353 ], [ -76.650349, 37.260174 ], [ -76.651229, 37.259745 ], [ -76.652541, 37.259074 ], [ -76.653581, 37.258866 ], [ -76.654909, 37.258930 ], [ -76.656301, 37.259106 ], [ -76.657148, 37.259259 ], [ -76.658077, 37.259426 ], [ -76.659071, 37.259570 ] ] } }

]
}
