<?xml version="1.0" encoding="ISO-8859-1"?>
<metadata>
   <idinfo>
      <citation>
         <citeinfo>
	    <origin>U.S. Department of Commerce, U.S. Census Bureau, Geography 
                    Division</origin>
	       <pubdate>2012</pubdate>
	       <title>TIGER/Line Shapefile, 2012,  county, Franklin city, VA, Current Address Ranges Relationship File</title>
	       <edition>2012</edition>
	       <geoform>tabular digital data</geoform>
	       <onlink>http://www2.census.gov/geo/tiger/TIGER2012/ADDR/tl_2012_51620_addr.zip</onlink>
	 </citeinfo>
      </citation>
	   <descript>
	       <abstract>The TIGER/Line shapefiles and related database files (.dbf) are an extract of selected geographic and cartographic information from the U.S. Census Bureau's Master Address File / Topologically Integrated Geographic Encoding and Referencing (MAF/TIGER) Database (MTDB).  The MTDB represents a seamless national file with no overlaps or gaps between parts, however, each TIGER/Line shapefile is designed to stand alone as an independent data set, or they can be combined to cover the entire nation.  The Address Ranges Relationship File (ADDR.dbf) contains the attributes of each address range.  Each address range applies to a single edge and has a unique address range identifier (ARID) value.  The edge to which an address range applies can be determined by linking the address range to the All Lines Shapefile (EDGES.shp) using the permanent topological edge identifier (TLID) attribute.  Multiple address ranges can apply to the same edge since an edge can have multiple address ranges.  Note that the most inclusive address range associated with each side of a street edge already appears in the All Lines Shapefile (EDGES.shp).  The TIGER/Line Files contain potential address ranges, not individual addresses.  The term "address range" refers to the collection of all possible structure numbers from the first structure number to the last structure number and all numbers of a specified parity in between along an edge side relative to the direction in which the edge is coded.  The address ranges in the TIGER/Line Files are potential ranges that include the full range of possible structure numbers even though the actual structures may not exist.</abstract>
	       <purpose>In order for others to use the information in the Census MAF/TIGER database in a geographic information system (GIS) or for other geographic applications, the Census Bureau releases to the public extracts of the database in the form of TIGER/Line relationship files.</purpose>
	       <Subject_Entity>Franklin, VA, (51620)</Subject_Entity>
	   </descript>
		<timeperd>
			<timeinfo>
				<rngdates>
					<begdate>201108</begdate>
					<enddate>201206</enddate>
				</rngdates>
			</timeinfo>
			<current>Publication Date</current>
		</timeperd>
		<status>
			<progress>Complete</progress>
			<update>No changes or updates will be made to this version of the TIGER/Line relationship files.  Future releases of TIGER/Line relationship files will reflect updates made to the Census MAF/TIGER database.</update>
		</status>
		<spdom>
			<bounding>
				<westbc>-76.969434</westbc>
				<eastbc>-76.909672</eastbc>
				<northbc>36.708653</northbc>
				<southbc>36.647146</southbc>
			</bounding>
		</spdom>
		<keywords>
			<theme>
				<themekt>ISO 19115 Topic Categories</themekt>
				<themekey>transportation</themekey>
			</theme>
			<theme>
				<themekt>None</themekt>
				
				<themekey>State FIPS Code</themekey>
				<themekey>County FIPS Code</themekey>
				<themekey>State ANSI Code</themekey>
				<themekey>County ANSI Code</themekey>
				<themekey>Permanent edge ID</themekey>
				<themekey>From House Number</themekey>
				<themekey>To House Number</themekey>
				<themekey>Side indicator flag</themekey>
				<themekey>5-digit ZIP code</themekey>
				<themekey>ZIP +4 code</themekey>
			</theme>
			<place>
			   <placekt>ANSI INCITS 38:2009 (Formerly FIPS 5-2), 
                              ANSI INCITS 31:2009 (Formerly FIPS 6-4),ANSI 
                              INCITS 454:2009 (Formerly FIPS 8-6), ANSI INCITS 
                              455:2009(Formerly FIPS 9-1), ANSI INCITS 446:2008                           (Geographic Names Information System (GNIS))</placekt>
			   <placekey>United States</placekey>
				<placekey>U.S.</placekey>
				<placekey>County or Equivalent Entity</placekey>
				<placekey>Franklin</placekey>
				<placekey>51620</placekey>	
			</place>
		</keywords>
		<accconst>None</accconst>
		<useconst>The TIGER/Line Shapefile products are not copyrighted however TIGER/Line and Census TIGER are registered trademarks of the U.S. Census Bureau.  These products are free to use in a product or publication, however acknowledgement must be given to the U.S. Census Bureau as the source.</useconst>
		<Title_13_Restrictions>Yes, the data are free from Title 13 restrictions</Title_13_Restrictions>
		<ptcontac>
		 <cntinfo>
		  <cntorgp>
		   <cntorg>U.S. Department of Commerce, U.S. Census Bureau, 
                         Geography Division, Geographic Products Branch</cntorg>
			</cntorgp>
			<cntaddr>
			<addrtype>Mailing</addrtype>
			<address>4600 Silver Hill Road, Stop 7400</address>
					<city>Washington</city>
					<state>DC</state>
					<postal>20233-7400</postal>
					<country>United States</country>
				</cntaddr>
				<cntvoice>301-763-1128</cntvoice>
				<cntfax>301-763-4710</cntfax>
				<cntemail>geo.tiger@census.gov</cntemail>
			</cntinfo>
		</ptcontac>
	</idinfo>
	<Data_Set_Character_Set>8859part1</Data_Set_Character_Set>
	<Data_Set_Language>eng</Data_Set_Language>
	<dataqual>
		<attracc>
			<attraccr>Accurate against Federal Information Processing Series (FIPS), FIPS Publication 6-4, and FIPS-55 at the 100% level for the codes and base names.  The remaining attribute information has been examined but has not been fully tested for accuracy.</attraccr>
		</attracc>
		<logic>The Census Bureau performed automated tests to ensure logical consistency and limits of relationship files.  Tabular data has been tested for proper domain and format.
The Census Bureau uses its internally developed geographic update system to enhance and modify spatial and attribute data in the Census MAF/TIGER database.  Standard geographic codes, such as FIPS codes for states, counties, municipalities, county subdivisions, places, American Indian/Alaska Native/Native Hawaiian areas, and congressional districts are used when encoding spatial entities.  The Census Bureau performed spatial data tests for logical consistency of the codes during the compilation of the original Census MAF/TIGER database files.  Most of the codes for geographic entities except states, counties, urban areas, Core Based Statistical Areas (CBSAs), American Indian Areas (AIAs), and congressional districts were provided to the Census Bureau by the USGS, the agency responsible for maintaining FIPS 55.  Feature attribute information has been examined but has not been fully tested for consistency.</logic>
		<complete>Tabular data has been tested for proper domain and format.</complete>
		<lineage>
			<srcinfo>
				<srccite>
					<citeinfo>
						<origin>U.S. Department of Commerce, U.S. Census Bureau, Geography Division</origin>
					<pubdate>Unpublished material</pubdate>
					<title>Census MAF/TIGER database</title>
					</citeinfo>
				</srccite>
				<typesrc>online</typesrc>
				<srctime>
					<timeinfo>
						<rngdates>
						<begdate>201108</begdate>
						<enddate>201206</enddate>
						</rngdates>
					</timeinfo>
					<srccurr>Publication Date</srccurr>
				</srctime>
				<srccitea>MAF/TIGER</srccitea>
				<srccontr>All tabular data</srccontr>
			</srcinfo>
			<procstep>
				<procdesc>TIGER/Line relationship files are extracted from the Census MAF/TIGER database by county. </procdesc>
				<srcused>MAF/TIGER</srcused>
				<procdate>2012</procdate>
			</procstep>
		</lineage>
	</dataqual>
	<eainfo>
    <detailed>
      <enttyp>
        <enttypl>ADDR.dbf</enttypl>
        <enttypd>Current Address Ranges County-based Relationship file</enttypd>
        <enttypds>U.S. Census Bureau</enttypds>
      </enttyp>
      <attr>
        <attrlabl>TLID</attrlabl>
        <attrdef>Permanent edge ID</attrdef>
        <attrdefs>U.S. Census Bureau</attrdefs>
        <attrdomv>
          <udom>data are unavailable</udom>
        </attrdomv>
      </attr>
      <attr>
        <attrlabl>FROMHN</attrlabl>
        <attrdef>From house number</attrdef>
        <attrdefs>U.S. Census Bureau</attrdefs>
        <attrdomv>
          <edom>
            <edomv>AN</edomv>
            <edomvd>From House Number</edomvd>
            <edomvds>U.S. Census Bureau</edomvds>
          </edom>
        </attrdomv>
      </attr>
      <attr>
        <attrlabl>TOHN</attrlabl>
        <attrdef>To house number</attrdef>
        <attrdefs>U.S. Census Bureau</attrdefs>
        <attrdomv>
          <edom>
            <edomv>AN</edomv>
            <edomvd>To House Number</edomvd>
            <edomvds>U.S. Census Bureau</edomvds>
          </edom>
        </attrdomv>
      </attr>
      <attr>
        <attrlabl>SIDE</attrlabl>
        <attrdef>Side indicator flag</attrdef>
        <attrdefs>U.S. Census Bureau</attrdefs>
        <attrdomv>
          <edom>
            <edomv>L</edomv>
            <edomvd>Left side of street edge based on start node</edomvd>
            <edomvds>U.S. Census Bureau</edomvds>
          </edom>
          <edom>
            <edomv>R</edomv>
            <edomvd>Right side of street edge based on start node</edomvd>
            <edomvds>U.S. Census Bureau</edomvds>
          </edom>
        </attrdomv>
      </attr>
      <attr>
        <attrlabl>ZIP</attrlabl>
        <attrdef>5-digit ZIP code</attrdef>
        <attrdefs>U.S. Census Bureau</attrdefs>
        <attrdomv>
          <edom>
            <edomv>00500 to 99999</edomv>
            <edomvd>Valid numeric ZIP Code</edomvd>
            <edomvds>U.S. Census Bureau</edomvds>
          </edom>
        </attrdomv>
      </attr>
      <attr>
        <attrlabl>PLUS4</attrlabl>
        <attrdef>ZIP + 4 code</attrdef>
        <attrdefs>U.S. Census Bureau</attrdefs>
        <attrdomv>
          <edom>
            <edomv>0000 to 9999</edomv>
            <edomvd>ZIP + 4 code</edomvd>
            <edomvds>U.S. Census Bureau</edomvds>
          </edom>
        </attrdomv>
      </attr>
      <attr>
        <attrlabl>FROMTYP</attrlabl>
        <attrdef>From address range end type</attrdef>
        <attrdefs>U.S. Census Bureau</attrdefs>
        <attrdomv>
          <edom>
            <edomv>I</edomv>
            <edomvd>Address range is an imputed value calculated by the Census Bureau at a split point</edomvd>
            <edomvds>U.S. Census Bureau</edomvds>
          </edom>
        </attrdomv>
      </attr>
      <attr>
        <attrlabl>TOTYP</attrlabl>
        <attrdef>To address range end type</attrdef>
        <attrdefs>U.S. Census Bureau</attrdefs>
        <attrdomv>
          <edom>
            <edomv>I</edomv>
            <edomvd>Address range is an imputed value calculated by the Census Bureau at a split point</edomvd>
            <edomvds>U.S. Census Bureau</edomvds>
          </edom>
        </attrdomv>
      </attr>
      <attr>
        <attrlabl>ARID</attrlabl>
        <attrdef>Address range identifier</attrdef>
        <attrdefs>U.S. Census Bureau</attrdefs>
        <attrdomv>
          <udom>data are unavailable</udom>
        </attrdomv>
      </attr>
      <attr>
        <attrlabl>MTFCC</attrlabl>
        <attrdef>MAF/TIGER feature class code</attrdef>
        <attrdefs>U.S. Census Bureau</attrdefs>
        <attrdomv>
          <edom>
            <edomv>D1000</edomv>
            <edomvd>Official Address range</edomvd>
            <edomvds>U.S. Census Bureau</edomvds>
          </edom>
        </attrdomv>
      </attr>
    </detailed>
  </eainfo>
	<distinfo>
		<distrib>
			<cntinfo>
				<cntorgp>
					<cntorg>U.S. Department of Commerce, U.S. Census Bureau, Geography Division, Geographic Products Branch</cntorg>
			</cntorgp>
			<cntaddr>
			    <addrtype>Mailing</addrtype>
	 		    <address>4600 Silver Hill Road, Stop 7400</address>
					<city>Washington</city>
					<state>DC</state>
					<postal>20233-7400</postal>
					<country>United States</country>
				</cntaddr>
				<cntvoice>301-763-1128</cntvoice>
				<cntfax>301-763-4710</cntfax>
				<cntemail>geo.tiger@census.gov</cntemail>
			</cntinfo>
		</distrib>
		<distliab>No warranty, expressed or implied is made with regard to the accuracy of these data, and no liability is assumed by the U.S. Government in general or the U.S. Census Bureau in specific as to the spatial or attribute accuracy of the data.  The act of distribution shall not constitute any such warranty and no responsibility is assumed by the U.S. government in the use of these files.  The boundary information in the TIGER/Line Shapefiles is for statistical data collection and tabulation purposes only; their depiction and designation for statistical purposes do not constitute a determination of jurisdictional authority or rights of ownership or entitlement and they are not legal land descriptions.</distliab>
	   <stdorder>
	     <digform>
				<digtinfo>
					<formname>TGRSHP (compressed)</formname>
					<filedec>PK-ZIP, version 1.93 A or higher</filedec>
				</digtinfo>
				<digtopt>
					<onlinopt>
						<computer>
						  <networka>
						<networkr>http://www2.census.gov/geo/tiger/TIGER2012/ADDR/tl_2012_51620_addr.zip</networkr>
						  </networka>
						</computer>
					</onlinopt>
				</digtopt>
			</digform>
			<fees>The online copy of the TIGER/Line files may be accessed without charge.</fees>
			<ordering>To obtain more information about ordering TIGER/Line shapefiles visit http://www.census.gov/geo/www/tiger </ordering>
		</stdorder>
		<techpreq>The TIGER/Line shapefiles contain geographic data only and do not include display mapping software or statistical data.  For information on how to use the TIGER/Line shapefile data with specific software package users shall contact the company that produced the software.</techpreq>
	</distinfo>
	<metainfo>
		<metd>20120615</metd>
		<metc>
			<cntinfo>
				<cntorgp>
					<cntorg>U.S. Department of Commerce, U.S. Census Bureau, Geography Division, Geographic Products Branch</cntorg>
				</cntorgp>
				<cntaddr>
					<addrtype>Mailing</addrtype>
					<address>4600 Silver Hill Road, Stop 7400</address>
					<city>Washington</city>
					<state>DC</state>
					<postal>20233-7400</postal>
					<country>United States</country>
				</cntaddr>
				<cntvoice>301-763-1128</cntvoice>
				<cntfax>301-763-4710</cntfax>
				<cntemail>geo.tiger@census.gov</cntemail>
			</cntinfo>
		</metc>
		<metstdn>FGDC Content Standards for Digital Geospatial Metadata</metstdn>
		<metstdv>FGDC-STD-001-1998</metstdv>
		<Metadata_Character_Set>8859part1</Metadata_Character_Set>
		<Metadata_File_Identifier>tl_2012_51620_addr.dbf.xml</Metadata_File_Identifier>
		<Metadata_Language>eng</Metadata_Language>
	</metainfo>
</metadata>
