{
"type": "FeatureCollection",
"features": [
{ "type": "Feature", "properties": { "TLID": 103760998, "FNODE": 9, "TNODE": 10, "LENGTH": 0.713030, "FEDIRP": "", "FENAME": "", "FETYPE": "", "FEDIRS": "", "CFCC": "C20", "FRADDL": 0.000000, "TOADDL": 0.000000, "FRADDR": 0.000000, "TOADDR": 0.000000, "ZIPL": "", "ZIPR": "", "CENSUS1": "0", "CENSUS2": "0", "CFCC1": "C", "CFCC2": "C2", "SOURCE": "J" }, "geometry": { "type": "LineString", "coordinates": [ [ -76.705945, 37.295907 ], [ -76.695545, 37.289730 ] ] } }
,
{ "type": "Feature", "properties": { "TLID": 103761017, "FNODE": 21, "TNODE": 20, "LENGTH": 0.014950, "FEDIRP": "", "FENAME": "", "FETYPE": "", "FEDIRS": "", "CFCC": "C20", "FRADDL": 0.000000, "TOADDL": 0.000000, "FRADDR": 0.000000, "TOADDR": 0.000000, "ZIPL": "", "ZIPR": "", "CENSUS1": "0", "CENSUS2": "0", "CFCC1": "C", "CFCC2": "C2", "SOURCE": "J" }, "geometry": { "type": "LineString", "coordinates": [ [ -76.649292, 37.260503 ], [ -76.649465, 37.260670 ] ] } }
,
{ "type": "Feature", "properties": { "TLID": 103761019, "FNODE": 20, "TNODE": 19, "LENGTH": 0.475400, "FEDIRP": "", "FENAME": "", "FETYPE": "", "FEDIRS": "", "CFCC": "C20", "FRADDL": 0.000000, "TOADDL": 0.000000, "FRADDR": 0.000000, "TOADDR": 0.000000, "ZIPL": "", "ZIPR": "", "CENSUS1": "0", "CENSUS2": "0", "CFCC1": "C", "CFCC2": "C2", "SOURCE": "J" }, "geometry": { "type": "LineString", "coordinates": [ [ -76.649465, 37.260670 ], [ -76.650384, 37.262025 ], [ -76.655710, 37.265280 ] ] } }
,
{ "type": "Feature", "properties": { "TLID": 103761021, "FNODE": 19, "TNODE": 18, "LENGTH": 0.286370, "FEDIRP": "", "FENAME": "", "FETYPE": "", "FEDIRS": "", "CFCC": "C20", "FRADDL": 0.000000, "TOADDL": 0.000000, "FRADDR": 0.000000, "TOADDR": 0.000000, "ZIPL": "", "ZIPR": "", "CENSUS1": "0", "CENSUS2": "0", "CFCC1": "C", "CFCC2": "C2", "SOURCE": "J" }, "geometry": { "type": "LineString", "coordinates": [ [ -76.655710, 37.265280 ], [ -76.659828, 37.267821 ] ] } }
,
{ "type": "Feature", "properties": { "TLID": 103762230, "FNODE": 18, "TNODE": 17, "LENGTH": 0.152840, "FEDIRP": "", "FENAME": "", "FETYPE": "", "FEDIRS": "", "CFCC": "C20", "FRADDL": 0.000000, "TOADDL": 0.000000, "FRADDR": 0.000000, "TOADDR": 0.000000, "ZIPL": "", "ZIPR": "", "CENSUS1": "0", "CENSUS2": "0", "CFCC1": "C", "CFCC2": "C2", "SOURCE": "J" }, "geometry": { "type": "LineString", "coordinates": [ [ -76.659828, 37.267821 ], [ -76.662026, 37.269177 ] ] } }
,
{ "type": "Feature", "properties": { "TLID": 103771687, "FNODE": 7, "TNODE": 8, "LENGTH": 0.027500, "FEDIRP": "", "FENAME": "", "FETYPE": "", "FEDIRS": "", "CFCC": "C20", "FRADDL": 0.000000, "TOADDL": 0.000000, "FRADDR": 0.000000, "TOADDR": 0.000000, "ZIPL": "", "ZIPR": "", "CENSUS1": "0", "CENSUS2": "0", "CFCC1": "C", "CFCC2": "C2", "SOURCE": "J" }, "geometry": { "type": "LineString", "coordinates": [ [ -76.712009, 37.297688 ], [ -76.711539, 37.297551 ] ] } }
,
{ "type": "Feature", "properties": { "TLID": 103771701, "FNODE": 10, "TNODE": 11, "LENGTH": 0.296440, "FEDIRP": "", "FENAME": "", "FETYPE": "", "FEDIRS": "", "CFCC": "C20", "FRADDL": 0.000000, "TOADDL": 0.000000, "FRADDR": 0.000000, "TOADDR": 0.000000, "ZIPL": "", "ZIPR": "", "CENSUS1": "0", "CENSUS2": "0", "CFCC1": "C", "CFCC2": "C2", "SOURCE": "J" }, "geometry": { "type": "LineString", "coordinates": [ [ -76.695545, 37.289730 ], [ -76.691214, 37.287170 ] ] } }
,
{ "type": "Feature", "properties": { "TLID": 103771779, "FNODE": 12, "TNODE": 13, "LENGTH": 0.045840, "FEDIRP": "", "FENAME": "", "FETYPE": "", "FEDIRS": "", "CFCC": "C20", "FRADDL": 0.000000, "TOADDL": 0.000000, "FRADDR": 0.000000, "TOADDR": 0.000000, "ZIPL": "", "ZIPR": "", "CENSUS1": "0", "CENSUS2": "0", "CFCC1": "C", "CFCC2": "C2", "SOURCE": "J" }, "geometry": { "type": "LineString", "coordinates": [ [ -76.677758, 37.279010 ], [ -76.677101, 37.278601 ] ] } }
,
{ "type": "Feature", "properties": { "TLID": 103771782, "FNODE": 13, "TNODE": 14, "LENGTH": 0.339270, "FEDIRP": "", "FENAME": "", "FETYPE": "", "FEDIRS": "", "CFCC": "C20", "FRADDL": 0.000000, "TOADDL": 0.000000, "FRADDR": 0.000000, "TOADDR": 0.000000, "ZIPL": "", "ZIPR": "", "CENSUS1": "0", "CENSUS2": "0", "CFCC1": "C", "CFCC2": "C2", "SOURCE": "J" }, "geometry": { "type": "LineString", "coordinates": [ [ -76.677101, 37.278601 ], [ -76.672239, 37.275573 ] ] } }
,
{ "type": "Feature", "properties": { "TLID": 103771790, "FNODE": 17, "TNODE": 16, "LENGTH": 0.157370, "FEDIRP": "", "FENAME": "", "FETYPE": "", "FEDIRS": "", "CFCC": "C20", "FRADDL": 0.000000, "TOADDL": 0.000000, "FRADDR": 0.000000, "TOADDR": 0.000000, "ZIPL": "", "ZIPR": "", "CENSUS1": "0", "CENSUS2": "0", "CFCC1": "C", "CFCC2": "C2", "SOURCE": "J" }, "geometry": { "type": "LineString", "coordinates": [ [ -76.662026, 37.269177 ], [ -76.664371, 37.270485 ] ] } }
,
{ "type": "Feature", "properties": { "TLID": 103771791, "FNODE": 15, "TNODE": 16, "LENGTH": 0.192990, "FEDIRP": "", "FENAME": "", "FETYPE": "", "FEDIRS": "", "CFCC": "C20", "FRADDL": 0.000000, "TOADDL": 0.000000, "FRADDR": 0.000000, "TOADDR": 0.000000, "ZIPL": "", "ZIPR": "", "CENSUS1": "0", "CENSUS2": "0", "CFCC1": "C", "CFCC2": "C2", "SOURCE": "J" }, "geometry": { "type": "LineString", "coordinates": [ [ -76.667035, 37.272306 ], [ -76.664371, 37.270485 ] ] } }
,
{ "type": "Feature", "properties": { "TLID": 103772635, "FNODE": 8, "TNODE": 9, "LENGTH": 0.327610, "FEDIRP": "", "FENAME": "", "FETYPE": "", "FEDIRS": "", "CFCC": "C20", "FRADDL": 0.000000, "TOADDL": 0.000000, "FRADDR": 0.000000, "TOADDR": 0.000000, "ZIPL": "", "ZIPR": "", "CENSUS1": "0", "CENSUS2": "0", "CFCC1": "C", "CFCC2": "C2", "SOURCE": "K" }, "geometry": { "type": "LineString", "coordinates": [ [ -76.711539, 37.297551 ], [ -76.709972, 37.297094 ], [ -76.705945, 37.295907 ] ] } }
,
{ "type": "Feature", "properties": { "TLID": 103772719, "FNODE": 14, "TNODE": 15, "LENGTH": 0.364360, "FEDIRP": "", "FENAME": "", "FETYPE": "", "FEDIRS": "", "CFCC": "C20", "FRADDL": 0.000000, "TOADDL": 0.000000, "FRADDR": 0.000000, "TOADDR": 0.000000, "ZIPL": "", "ZIPR": "", "CENSUS1": "0", "CENSUS2": "0", "CFCC1": "C", "CFCC2": "C2", "SOURCE": "K" }, "geometry": { "type": "LineString", "coordinates": [ [ -76.672239, 37.275573 ], [ -76.671085, 37.274778 ], [ -76.667035, 37.272306 ] ] } }
,
{ "type": "Feature", "properties": { "TLID": 103788247, "FNODE": 1, "TNODE": 2, "LENGTH": 0.019080, "FEDIRP": "", "FENAME": "", "FETYPE": "", "FEDIRS": "", "CFCC": "C20", "FRADDL": 0.000000, "TOADDL": 0.000000, "FRADDR": 0.000000, "TOADDR": 0.000000, "ZIPL": "", "ZIPR": "", "CENSUS1": "0", "CENSUS2": "0", "CFCC1": "C", "CFCC2": "C2", "SOURCE": "J" }, "geometry": { "type": "LineString", "coordinates": [ [ -76.727127, 37.302316 ], [ -76.726810, 37.302203 ] ] } }
,
{ "type": "Feature", "properties": { "TLID": 103788248, "FNODE": 2, "TNODE": 3, "LENGTH": 0.071400, "FEDIRP": "", "FENAME": "", "FETYPE": "", "FEDIRS": "", "CFCC": "C20", "FRADDL": 0.000000, "TOADDL": 0.000000, "FRADDR": 0.000000, "TOADDR": 0.000000, "ZIPL": "", "ZIPR": "", "CENSUS1": "0", "CENSUS2": "0", "CFCC1": "C", "CFCC2": "C2", "SOURCE": "J" }, "geometry": { "type": "LineString", "coordinates": [ [ -76.726810, 37.302203 ], [ -76.725624, 37.301780 ] ] } }
,
{ "type": "Feature", "properties": { "TLID": 103788304, "FNODE": 6, "TNODE": 7, "LENGTH": 0.092070, "FEDIRP": "", "FENAME": "", "FETYPE": "", "FEDIRS": "", "CFCC": "C20", "FRADDL": 0.000000, "TOADDL": 0.000000, "FRADDR": 0.000000, "TOADDR": 0.000000, "ZIPL": "", "ZIPR": "", "CENSUS1": "0", "CENSUS2": "0", "CFCC1": "C", "CFCC2": "C2", "SOURCE": "J" }, "geometry": { "type": "LineString", "coordinates": [ [ -76.713577, 37.298159 ], [ -76.712009, 37.297688 ] ] } }
,
{ "type": "Feature", "properties": { "TLID": 103788319, "FNODE": 5, "TNODE": 6, "LENGTH": 0.169470, "FEDIRP": "", "FENAME": "", "FETYPE": "", "FEDIRS": "", "CFCC": "C20", "FRADDL": 0.000000, "TOADDL": 0.000000, "FRADDR": 0.000000, "TOADDR": 0.000000, "ZIPL": "", "ZIPR": "", "CENSUS1": "0", "CENSUS2": "0", "CFCC1": "C", "CFCC2": "C2", "SOURCE": "J" }, "geometry": { "type": "LineString", "coordinates": [ [ -76.716463, 37.299026 ], [ -76.713577, 37.298159 ] ] } }
,
{ "type": "Feature", "properties": { "TLID": 103788331, "FNODE": 3, "TNODE": 4, "LENGTH": 0.105110, "FEDIRP": "", "FENAME": "", "FETYPE": "", "FEDIRS": "", "CFCC": "C20", "FRADDL": 0.000000, "TOADDL": 0.000000, "FRADDR": 0.000000, "TOADDR": 0.000000, "ZIPL": "", "ZIPR": "", "CENSUS1": "0", "CENSUS2": "0", "CFCC1": "C", "CFCC2": "C2", "SOURCE": "J" }, "geometry": { "type": "LineString", "coordinates": [ [ -76.725624, 37.301780 ], [ -76.723834, 37.301242 ] ] } }
,
{ "type": "Feature", "properties": { "TLID": 103790780, "FNODE": 4, "TNODE": 5, "LENGTH": 0.432860, "FEDIRP": "", "FENAME": "", "FETYPE": "", "FEDIRS": "", "CFCC": "C20", "FRADDL": 0.000000, "TOADDL": 0.000000, "FRADDR": 0.000000, "TOADDR": 0.000000, "ZIPL": "", "ZIPR": "", "CENSUS1": "0", "CENSUS2": "0", "CFCC1": "C", "CFCC2": "C2", "SOURCE": "K" }, "geometry": { "type": "LineString", "coordinates": [ [ -76.723834, 37.301242 ], [ -76.721817, 37.300635 ], [ -76.716463, 37.299026 ] ] } }

]
}
