{
"type": "FeatureCollection",
"features": [
{ "type": "Feature", "properties": { "STATE": "51", "STFID": "51", "POP2000": 7078515, "WHITE": 5120110, "BLACK": 1390293, "AMERI_ES": 21172, "ASIAN": 261025, "HAWN_PI": 3946, "OTHER": 138900, "MULT_RACE": 143069, "HISPANIC": 329540, "MALES": 3471895, "FEMALES": 3606620, "AGE_UNDER5": 461982, "AGE_5_17": 1276280, "AGE_18_21": 398296, "AGE_22_29": 778274, "AGE_30_39": 1150603, "AGE_40_49": 1116101, "AGE_50_64": 1104646, "AGE_65_UP": 792333, "MED_AGE": 35.700000, "MED_AGE_M": 34.500000, "MED_AGE_F": 36.800000, "HOUSEHOLDS": 2699173, "AVE_HH_SZ": 2.540000, "HSEHLD_1_M": 288144, "HSEHLD_1_F": 388763, "MARHH_CHD": 645504, "MARHH_NO_C": 780540, "MHH_CHILD": 49798, "FHH_CHILD": 186591, "FAMILIES": 1847796, "AVE_FAM_SZ": 3.040000, "HSE_UNITS": 2904192, "URBAN": 0, "RURAL": 0, "VACANT": 205019, "OWNER_OCC": 1837939, "RENTER_OCC": 861234 }, "geometry": null }

]
}
