{
"type": "FeatureCollection",
"features": [
{ "type": "Feature", "properties": { "PROJECT_NA": "Sedley", "SUPPMAPINF": "None", "STATUS": "Digital", "IMAGE_DATE": "03\/90,04\/90", "DATA_SOURC": "NWIC, NWI-GX", "COMMENTS": "", "EMULSION": "CIR", "IMAGE_SCAL": "1:40K", "FGDC_METAD": "http:\/\/wetlandsfws.er.usgs.gov\/imf\/sites\/NWI_CONUS\/CONUS_metadata\/wetland_polys.htm", "AREA": 154726766.465300, "LEN": 50105.972127 }, "geometry": { "type": "Polygon", "coordinates": [ [ [ -76.999691, 36.875148 ], [ -76.874692, 36.875145 ], [ -76.874695, 36.750144 ], [ -76.999700, 36.750146 ], [ -76.999691, 36.875148 ] ] ] } }
,
{ "type": "Feature", "properties": { "PROJECT_NA": "Zuni", "SUPPMAPINF": "None", "STATUS": "Digital", "IMAGE_DATE": "03\/89", "DATA_SOURC": "NWIC, NWI-GX", "COMMENTS": "", "EMULSION": "CIR", "IMAGE_SCAL": "1:40K", "FGDC_METAD": "http:\/\/wetlandsfws.er.usgs.gov\/imf\/sites\/NWI_CONUS\/CONUS_metadata\/wetland_polys.htm", "AREA": 154720396.128750, "LEN": 50104.900944 }, "geometry": { "type": "Polygon", "coordinates": [ [ [ -76.874692, 36.875145 ], [ -76.749688, 36.875143 ], [ -76.749697, 36.750148 ], [ -76.874695, 36.750144 ], [ -76.874692, 36.875145 ] ] ] } }
,
{ "type": "Feature", "properties": { "PROJECT_NA": "Norfolk South", "SUPPMAPINF": "None", "STATUS": "Digital", "IMAGE_DATE": "03\/94,03\/00", "DATA_SOURC": "NWIC, NWI-REG5", "COMMENTS": "", "EMULSION": "CIR,B-W", "IMAGE_SCAL": "1:40K,1:40K", "FGDC_METAD": "http:\/\/wetlandsfws.er.usgs.gov\/imf\/sites\/NWI_CONUS\/CONUS_metadata\/wetland_polys.htm", "AREA": 154720404.487500, "LEN": 50104.836435 }, "geometry": { "type": "Polygon", "coordinates": [ [ [ -76.374677, 36.875146 ], [ -76.249671, 36.875142 ], [ -76.249670, 36.750149 ], [ -76.374669, 36.750144 ], [ -76.374677, 36.875146 ] ] ] } }
,
{ "type": "Feature", "properties": { "PROJECT_NA": "Fentress", "SUPPMAPINF": "None", "STATUS": "Digital", "IMAGE_DATE": "03\/94,03\/00", "DATA_SOURC": "NWIC, NWI-REG5", "COMMENTS": "", "EMULSION": "CIR,B-W", "IMAGE_SCAL": "1:40K,1:40K", "FGDC_METAD": "http:\/\/wetlandsfws.er.usgs.gov\/imf\/sites\/NWI_CONUS\/CONUS_metadata\/wetland_polys.htm", "AREA": 154976768.535950, "LEN": 50141.248741 }, "geometry": { "type": "Polygon", "coordinates": [ [ [ -76.249670, 36.750149 ], [ -76.124667, 36.750148 ], [ -76.124664, 36.625148 ], [ -76.249671, 36.625148 ], [ -76.249670, 36.750149 ] ] ] } }
,
{ "type": "Feature", "properties": { "PROJECT_NA": "Currituck", "SUPPMAPINF": "None", "STATUS": "Digital", "IMAGE_DATE": "04\/82", "DATA_SOURC": "NWIC, NWI-GX", "COMMENTS": "", "EMULSION": "CIR", "IMAGE_SCAL": "1:58K", "FGDC_METAD": "http:\/\/wetlandsfws.er.usgs.gov\/imf\/sites\/NWI_CONUS\/CONUS_metadata\/wetland_polys.htm", "AREA": 155465315.769350, "LEN": 50210.080407 }, "geometry": { "type": "Polygon", "coordinates": [ [ [ -76.124662, 36.500153 ], [ -75.999655, 36.500154 ], [ -75.999655, 36.500001 ], [ -76.009018, 36.500000 ], [ -76.009018, 36.500000 ], [ -76.019038, 36.500000 ], [ -76.019038, 36.500000 ], [ -76.029058, 36.500000 ], [ -76.029058, 36.500000 ], [ -76.039078, 36.500000 ], [ -76.039078, 36.500000 ], [ -76.049098, 36.500000 ], [ -76.049098, 36.500000 ], [ -76.059118, 36.500000 ], [ -76.059118, 36.500000 ], [ -76.069139, 36.500000 ], [ -76.069139, 36.500000 ], [ -76.079159, 36.500000 ], [ -76.079159, 36.500000 ], [ -76.089179, 36.500000 ], [ -76.089179, 36.500000 ], [ -76.099199, 36.500000 ], [ -76.099199, 36.500000 ], [ -76.109219, 36.500000 ], [ -76.109219, 36.500000 ], [ -76.119239, 36.500000 ], [ -76.119239, 36.500000 ], [ -76.124662, 36.500001 ], [ -76.124662, 36.500153 ] ] ] } }
,
{ "type": "Feature", "properties": { "PROJECT_NA": "Sunbeam", "SUPPMAPINF": "None", "STATUS": "Digital", "IMAGE_DATE": "03\/82", "DATA_SOURC": "NWIC, NWI-GX", "COMMENTS": "", "EMULSION": "CIR", "IMAGE_SCAL": "1:58K", "FGDC_METAD": "http:\/\/wetlandsfws.er.usgs.gov\/imf\/sites\/NWI_CONUS\/CONUS_metadata\/wetland_polys.htm", "AREA": 155223491.703100, "LEN": 50175.975953 }, "geometry": { "type": "Polygon", "coordinates": [ [ [ -77.001002, 36.625147 ], [ -76.999686, 36.625146 ], [ -76.999687, 36.500149 ], [ -77.001002, 36.500150 ], [ -77.001002, 36.510021 ], [ -77.001002, 36.510021 ], [ -77.001002, 36.520041 ], [ -77.001002, 36.520041 ], [ -77.001002, 36.530061 ], [ -77.001002, 36.530061 ], [ -77.001002, 36.540081 ], [ -77.001002, 36.540081 ], [ -77.001002, 36.550101 ], [ -77.001002, 36.550101 ], [ -77.001002, 36.560121 ], [ -77.001002, 36.560121 ], [ -77.001002, 36.570140 ], [ -77.001002, 36.580160 ], [ -77.001002, 36.580160 ], [ -77.001002, 36.590180 ], [ -77.001002, 36.590181 ], [ -77.001002, 36.600201 ], [ -77.001002, 36.600201 ], [ -77.001002, 36.610221 ], [ -77.001002, 36.610221 ], [ -77.001002, 36.620241 ], [ -77.001002, 36.620241 ], [ -77.001002, 36.625147 ] ] ] } }
,
{ "type": "Feature", "properties": { "PROJECT_NA": "Courtland", "SUPPMAPINF": "None", "STATUS": "Digital", "IMAGE_DATE": "03\/82", "DATA_SOURC": "NWIC, NWI-GX", "COMMENTS": "", "EMULSION": "CIR", "IMAGE_SCAL": "1:58K", "FGDC_METAD": "http:\/\/wetlandsfws.er.usgs.gov\/imf\/sites\/NWI_CONUS\/CONUS_metadata\/wetland_polys.htm", "AREA": 154969720.317800, "LEN": 50140.128486 }, "geometry": { "type": "Polygon", "coordinates": [ [ [ -77.001002, 36.750147 ], [ -76.999700, 36.750146 ], [ -76.999686, 36.625146 ], [ -77.001002, 36.625147 ], [ -77.001002, 36.630261 ], [ -77.001002, 36.630261 ], [ -77.001002, 36.640281 ], [ -77.001002, 36.640281 ], [ -77.001002, 36.650301 ], [ -77.001002, 36.650301 ], [ -77.001002, 36.660321 ], [ -77.001002, 36.660321 ], [ -77.001002, 36.670341 ], [ -77.001002, 36.670341 ], [ -77.001002, 36.680361 ], [ -77.001002, 36.680361 ], [ -77.001002, 36.690381 ], [ -77.001002, 36.690381 ], [ -77.001002, 36.700401 ], [ -77.001002, 36.700401 ], [ -77.001002, 36.710421 ], [ -77.001002, 36.710421 ], [ -77.001002, 36.720441 ], [ -77.001002, 36.720441 ], [ -77.001002, 36.730461 ], [ -77.001002, 36.730461 ], [ -77.001002, 36.740481 ], [ -77.001002, 36.740481 ], [ -77.001002, 36.750147 ] ] ] } }
,
{ "type": "Feature", "properties": { "PROJECT_NA": "Gatesville", "SUPPMAPINF": "None", "STATUS": "Digital", "IMAGE_DATE": "03\/82", "DATA_SOURC": "NWIC, NWI-GX", "COMMENTS": "", "EMULSION": "CIR", "IMAGE_SCAL": "1:58K", "FGDC_METAD": "http:\/\/wetlandsfws.er.usgs.gov\/imf\/sites\/NWI_CONUS\/CONUS_metadata\/wetland_polys.htm", "AREA": 155467201.533750, "LEN": 50210.364715 }, "geometry": { "type": "Polygon", "coordinates": [ [ [ -76.874694, 36.500149 ], [ -76.749685, 36.500152 ], [ -76.749685, 36.500001 ], [ -76.750501, 36.500000 ], [ -76.750501, 36.500000 ], [ -76.760521, 36.500000 ], [ -76.760521, 36.500000 ], [ -76.770541, 36.500000 ], [ -76.770541, 36.500000 ], [ -76.780561, 36.500000 ], [ -76.780561, 36.500000 ], [ -76.790581, 36.500000 ], [ -76.790581, 36.500000 ], [ -76.800601, 36.500000 ], [ -76.800601, 36.500000 ], [ -76.810621, 36.500000 ], [ -76.810621, 36.500000 ], [ -76.820642, 36.500000 ], [ -76.820642, 36.500000 ], [ -76.830662, 36.500000 ], [ -76.830662, 36.500000 ], [ -76.840682, 36.500000 ], [ -76.840682, 36.500000 ], [ -76.850702, 36.500000 ], [ -76.850702, 36.500000 ], [ -76.860722, 36.500000 ], [ -76.860722, 36.500000 ], [ -76.870742, 36.500000 ], [ -76.870742, 36.500000 ], [ -76.874694, 36.500001 ], [ -76.874694, 36.500149 ] ] ] } }
,
{ "type": "Feature", "properties": { "PROJECT_NA": "Merchants Millpond", "SUPPMAPINF": "None", "STATUS": "Digital", "IMAGE_DATE": "04\/82", "DATA_SOURC": "NWIC, NWI-GX", "COMMENTS": "", "EMULSION": "CIR", "IMAGE_SCAL": "1:58K", "FGDC_METAD": "http:\/\/wetlandsfws.er.usgs.gov\/imf\/sites\/NWI_CONUS\/CONUS_metadata\/wetland_polys.htm", "AREA": 155465284.069350, "LEN": 50210.070114 }, "geometry": { "type": "Polygon", "coordinates": [ [ [ -76.749685, 36.500152 ], [ -76.624685, 36.500151 ], [ -76.624685, 36.500001 ], [ -76.630261, 36.500000 ], [ -76.630261, 36.500000 ], [ -76.640280, 36.500000 ], [ -76.650301, 36.500000 ], [ -76.650301, 36.500000 ], [ -76.660321, 36.500000 ], [ -76.660321, 36.500000 ], [ -76.670341, 36.500000 ], [ -76.670341, 36.500000 ], [ -76.680361, 36.500000 ], [ -76.680361, 36.500000 ], [ -76.690381, 36.500000 ], [ -76.690381, 36.500000 ], [ -76.700401, 36.500000 ], [ -76.700401, 36.500000 ], [ -76.710421, 36.500000 ], [ -76.710421, 36.500000 ], [ -76.720441, 36.500000 ], [ -76.720441, 36.500000 ], [ -76.730461, 36.500000 ], [ -76.730461, 36.500000 ], [ -76.740481, 36.500000 ], [ -76.740481, 36.500000 ], [ -76.749685, 36.500001 ], [ -76.749685, 36.500152 ] ] ] } }
,
{ "type": "Feature", "properties": { "PROJECT_NA": "Little Creek", "SUPPMAPINF": "None", "STATUS": "Digital", "IMAGE_DATE": "03\/94,03\/00", "DATA_SOURC": "NWIC, NWI-REG5", "COMMENTS": "", "EMULSION": "CIR,B-W", "IMAGE_SCAL": "1:40K,1:40K", "FGDC_METAD": "http:\/\/wetlandsfws.er.usgs.gov\/imf\/sites\/NWI_CONUS\/CONUS_metadata\/wetland_polys.htm", "AREA": 154481262.420000, "LEN": 50071.191324 }, "geometry": { "type": "Polygon", "coordinates": [ [ [ -76.249673, 37.000000 ], [ -76.249499, 37.000000 ], [ -76.249499, 37.000000 ], [ -76.239479, 37.000000 ], [ -76.239479, 37.000000 ], [ -76.229459, 37.000000 ], [ -76.229459, 37.000000 ], [ -76.219439, 37.000000 ], [ -76.219439, 37.000000 ], [ -76.209419, 37.000000 ], [ -76.209419, 37.000000 ], [ -76.199399, 37.000000 ], [ -76.199399, 37.000000 ], [ -76.189379, 37.000000 ], [ -76.189379, 37.000000 ], [ -76.179359, 37.000000 ], [ -76.179359, 37.000000 ], [ -76.169339, 37.000000 ], [ -76.169339, 37.000000 ], [ -76.159319, 37.000000 ], [ -76.159319, 37.000000 ], [ -76.149299, 37.000000 ], [ -76.149299, 37.000000 ], [ -76.139279, 37.000000 ], [ -76.129259, 37.000000 ], [ -76.129259, 37.000000 ], [ -76.124669, 37.000000 ], [ -76.124661, 36.875144 ], [ -76.249671, 36.875142 ], [ -76.249673, 37.000000 ] ] ] } }
,
{ "type": "Feature", "properties": { "PROJECT_NA": "Pleasant Ridge", "SUPPMAPINF": "None", "STATUS": "Digital", "IMAGE_DATE": "03\/94,03\/00", "DATA_SOURC": "NWIC, NWI-REG5", "COMMENTS": "", "EMULSION": "CIR,B-W", "IMAGE_SCAL": "1:40K,1:40K", "FGDC_METAD": "http:\/\/wetlandsfws.er.usgs.gov\/imf\/sites\/NWI_CONUS\/CONUS_metadata\/wetland_polys.htm", "AREA": 154969910.587800, "LEN": 50140.116782 }, "geometry": { "type": "Polygon", "coordinates": [ [ [ -76.124667, 36.750148 ], [ -75.999662, 36.750146 ], [ -75.999663, 36.625150 ], [ -76.124664, 36.625148 ], [ -76.124667, 36.750148 ] ] ] } }
,
{ "type": "Feature", "properties": { "PROJECT_NA": "Windsor", "SUPPMAPINF": "None", "STATUS": "Digital", "IMAGE_DATE": "03\/89", "DATA_SOURC": "NWIC, NWI-GX", "COMMENTS": "", "EMULSION": "CIR", "IMAGE_SCAL": "1:40K", "FGDC_METAD": "http:\/\/wetlandsfws.er.usgs.gov\/imf\/sites\/NWI_CONUS\/CONUS_metadata\/wetland_polys.htm", "AREA": 154727328.075000, "LEN": 50105.890829 }, "geometry": { "type": "Polygon", "coordinates": [ [ [ -76.749688, 36.875143 ], [ -76.624690, 36.875147 ], [ -76.624682, 36.750145 ], [ -76.749697, 36.750148 ], [ -76.749688, 36.875143 ] ] ] } }
,
{ "type": "Feature", "properties": { "PROJECT_NA": "Buckhorn", "SUPPMAPINF": "None", "STATUS": "Digital", "IMAGE_DATE": "03\/89", "DATA_SOURC": "NWIC, NWI-GX", "COMMENTS": "", "EMULSION": "CIR", "IMAGE_SCAL": "1:40K", "FGDC_METAD": "http:\/\/wetlandsfws.er.usgs.gov\/imf\/sites\/NWI_CONUS\/CONUS_metadata\/wetland_polys.htm", "AREA": 154975795.620950, "LEN": 50141.038872 }, "geometry": { "type": "Polygon", "coordinates": [ [ [ -76.749697, 36.750148 ], [ -76.624682, 36.750145 ], [ -76.624689, 36.625149 ], [ -76.749686, 36.625145 ], [ -76.749697, 36.750148 ] ] ] } }
,
{ "type": "Feature", "properties": { "PROJECT_NA": "Sunbury", "SUPPMAPINF": "None", "STATUS": "Digital", "IMAGE_DATE": "04\/82", "DATA_SOURC": "NWIC, NWI-GX", "COMMENTS": "", "EMULSION": "CIR", "IMAGE_SCAL": "1:58K", "FGDC_METAD": "http:\/\/wetlandsfws.er.usgs.gov\/imf\/sites\/NWI_CONUS\/CONUS_metadata\/wetland_polys.htm", "AREA": 155464845.450000, "LEN": 50209.929448 }, "geometry": { "type": "Polygon", "coordinates": [ [ [ -76.624685, 36.500151 ], [ -76.499682, 36.500150 ], [ -76.499682, 36.500000 ], [ -76.500000, 36.500000 ], [ -76.500000, 36.500000 ], [ -76.510020, 36.500000 ], [ -76.510020, 36.500000 ], [ -76.520040, 36.500000 ], [ -76.520040, 36.500000 ], [ -76.530060, 36.500000 ], [ -76.530060, 36.500000 ], [ -76.540080, 36.500000 ], [ -76.540080, 36.500000 ], [ -76.550100, 36.500000 ], [ -76.550100, 36.500000 ], [ -76.560120, 36.500000 ], [ -76.560120, 36.500000 ], [ -76.570141, 36.500000 ], [ -76.570141, 36.500000 ], [ -76.580161, 36.500000 ], [ -76.580161, 36.500000 ], [ -76.590181, 36.500000 ], [ -76.590181, 36.500000 ], [ -76.600201, 36.500000 ], [ -76.600201, 36.500000 ], [ -76.610221, 36.500000 ], [ -76.610221, 36.500000 ], [ -76.620241, 36.500000 ], [ -76.620241, 36.500000 ], [ -76.624685, 36.500001 ], [ -76.624685, 36.500151 ] ] ] } }
,
{ "type": "Feature", "properties": { "PROJECT_NA": "Norfolk North", "SUPPMAPINF": "None", "STATUS": "Digital", "IMAGE_DATE": "03\/94,03\/00", "DATA_SOURC": "NWIC, NWI-REG5", "COMMENTS": "", "EMULSION": "CIR,B-W", "IMAGE_SCAL": "1:40K,1:40K", "FGDC_METAD": "http:\/\/wetlandsfws.er.usgs.gov\/imf\/sites\/NWI_CONUS\/CONUS_metadata\/wetland_polys.htm", "AREA": 154476985.967500, "LEN": 50070.598731 }, "geometry": { "type": "Polygon", "coordinates": [ [ [ -76.374673, 37.000000 ], [ -76.369740, 37.000000 ], [ -76.369740, 37.000000 ], [ -76.359720, 37.000000 ], [ -76.359720, 37.000000 ], [ -76.349700, 37.000000 ], [ -76.349700, 37.000000 ], [ -76.339680, 37.000000 ], [ -76.339680, 37.000000 ], [ -76.329660, 37.000000 ], [ -76.329660, 37.000000 ], [ -76.319640, 37.000000 ], [ -76.319640, 37.000000 ], [ -76.309620, 37.000000 ], [ -76.309619, 37.000000 ], [ -76.299599, 37.000000 ], [ -76.299599, 37.000000 ], [ -76.289579, 37.000000 ], [ -76.289579, 37.000000 ], [ -76.279559, 37.000000 ], [ -76.279559, 37.000000 ], [ -76.269539, 37.000000 ], [ -76.269539, 37.000000 ], [ -76.259519, 37.000000 ], [ -76.259519, 37.000000 ], [ -76.249673, 37.000000 ], [ -76.249671, 36.875142 ], [ -76.374677, 36.875146 ], [ -76.374673, 37.000000 ] ] ] } }
,
{ "type": "Feature", "properties": { "PROJECT_NA": "South Mills", "SUPPMAPINF": "None", "STATUS": "Digital", "IMAGE_DATE": "04\/82", "DATA_SOURC": "NWIC, NWI-GX", "COMMENTS": "", "EMULSION": "CIR", "IMAGE_SCAL": "1:58K", "FGDC_METAD": "http:\/\/wetlandsfws.er.usgs.gov\/imf\/sites\/NWI_CONUS\/CONUS_metadata\/wetland_polys.htm", "AREA": 155466839.282800, "LEN": 50210.183729 }, "geometry": { "type": "Polygon", "coordinates": [ [ [ -76.374674, 36.500154 ], [ -76.249665, 36.500147 ], [ -76.249665, 36.500000 ], [ -76.259519, 36.500000 ], [ -76.259519, 36.500000 ], [ -76.269539, 36.500000 ], [ -76.269539, 36.500000 ], [ -76.279559, 36.500000 ], [ -76.279559, 36.500000 ], [ -76.289579, 36.500000 ], [ -76.289579, 36.500000 ], [ -76.299599, 36.500000 ], [ -76.299599, 36.500000 ], [ -76.309619, 36.500000 ], [ -76.309619, 36.500000 ], [ -76.319640, 36.500000 ], [ -76.319640, 36.500000 ], [ -76.329660, 36.500000 ], [ -76.329660, 36.500000 ], [ -76.339680, 36.500000 ], [ -76.339680, 36.500000 ], [ -76.349700, 36.500000 ], [ -76.349700, 36.500000 ], [ -76.359720, 36.500000 ], [ -76.359720, 36.500000 ], [ -76.369740, 36.500000 ], [ -76.369740, 36.500000 ], [ -76.374674, 36.500001 ], [ -76.374674, 36.500154 ] ] ] } }
,
{ "type": "Feature", "properties": { "PROJECT_NA": "Deep Creek", "SUPPMAPINF": "None", "STATUS": "Digital", "IMAGE_DATE": "03\/94,03\/00", "DATA_SOURC": "NWIC, NWI-REG5", "COMMENTS": "", "EMULSION": "CIR,B-W", "IMAGE_SCAL": "1:40K,1:40K", "FGDC_METAD": "http:\/\/wetlandsfws.er.usgs.gov\/imf\/sites\/NWI_CONUS\/CONUS_metadata\/wetland_polys.htm", "AREA": 154970927.195000, "LEN": 50140.322935 }, "geometry": { "type": "Polygon", "coordinates": [ [ [ -76.374669, 36.750144 ], [ -76.249670, 36.750149 ], [ -76.249671, 36.625148 ], [ -76.374677, 36.625148 ], [ -76.374669, 36.750144 ] ] ] } }
,
{ "type": "Feature", "properties": { "PROJECT_NA": "Currituck", "SUPPMAPINF": "http:\/\/wetlandsfws.er.usgs.gov\/wtlnds\/SuppMapInfo\/R05Y07P04.pdf", "STATUS": "Digital", "IMAGE_DATE": "xx\/94", "DATA_SOURC": "NWI-R5", "COMMENTS": "", "EMULSION": "CIR", "IMAGE_SCAL": "1:40K", "FGDC_METAD": "http:\/\/wetlandsfws.er.usgs.gov\/imf\/sites\/NWI_CONUS\/CONUS_metadata\/wetland_polys.htm", "AREA": 464177332.364400, "LEN": 106124.363767 }, "geometry": { "type": "Polygon", "coordinates": [ [ [ -75.999653, 37.000000 ], [ -75.998998, 37.000000 ], [ -75.998998, 37.000000 ], [ -75.998998, 36.989980 ], [ -75.998998, 36.989980 ], [ -75.998998, 36.979960 ], [ -75.998998, 36.979960 ], [ -75.998998, 36.969940 ], [ -75.998998, 36.969940 ], [ -75.998998, 36.959920 ], [ -75.998998, 36.959920 ], [ -75.998998, 36.949900 ], [ -75.998998, 36.939880 ], [ -75.998998, 36.939880 ], [ -75.998998, 36.929860 ], [ -75.998998, 36.929860 ], [ -75.998998, 36.919840 ], [ -75.998998, 36.919840 ], [ -75.998998, 36.909820 ], [ -75.998998, 36.909820 ], [ -75.998998, 36.899800 ], [ -75.998998, 36.899800 ], [ -75.998998, 36.889780 ], [ -75.998998, 36.889780 ], [ -75.998998, 36.879760 ], [ -75.998998, 36.879760 ], [ -75.998998, 36.869740 ], [ -75.998998, 36.869740 ], [ -75.998998, 36.859720 ], [ -75.998998, 36.859720 ], [ -75.998998, 36.849700 ], [ -75.998998, 36.849700 ], [ -75.998998, 36.839680 ], [ -75.998998, 36.839680 ], [ -75.998998, 36.829660 ], [ -75.998998, 36.829660 ], [ -75.998998, 36.819640 ], [ -75.998998, 36.819640 ], [ -75.998998, 36.809620 ], [ -75.998998, 36.809620 ], [ -75.998998, 36.799599 ], [ -75.998998, 36.799599 ], [ -75.998998, 36.789579 ], [ -75.998998, 36.789579 ], [ -75.998998, 36.779559 ], [ -75.998998, 36.779559 ], [ -75.998998, 36.769539 ], [ -75.998998, 36.769539 ], [ -75.998998, 36.759519 ], [ -75.998998, 36.759519 ], [ -75.998998, 36.749499 ], [ -75.998998, 36.749499 ], [ -75.998998, 36.739479 ], [ -75.998998, 36.739479 ], [ -75.998998, 36.729459 ], [ -75.998998, 36.729459 ], [ -75.998998, 36.719439 ], [ -75.998998, 36.719439 ], [ -75.998998, 36.709419 ], [ -75.998998, 36.699399 ], [ -75.998998, 36.699399 ], [ -75.998998, 36.689379 ], [ -75.998998, 36.689379 ], [ -75.998998, 36.679359 ], [ -75.998998, 36.679359 ], [ -75.998998, 36.669339 ], [ -75.998998, 36.669339 ], [ -75.998998, 36.659319 ], [ -75.998998, 36.659319 ], [ -75.998998, 36.649299 ], [ -75.998998, 36.649299 ], [ -75.998998, 36.639279 ], [ -75.998998, 36.639279 ], [ -75.998998, 36.629259 ], [ -75.998998, 36.629259 ], [ -75.998998, 36.625149 ], [ -75.999651, 36.625149 ], [ -75.999653, 36.750150 ], [ -75.999653, 36.875148 ], [ -75.999653, 37.000000 ] ] ] } }
,
{ "type": "Feature", "properties": { "PROJECT_NA": "Smithfield", "SUPPMAPINF": "None", "STATUS": "Digital", "IMAGE_DATE": "03\/89", "DATA_SOURC": "NWIC, NWI-GX", "COMMENTS": "", "EMULSION": "CIR", "IMAGE_SCAL": "1:40K", "FGDC_METAD": "http:\/\/wetlandsfws.er.usgs.gov\/imf\/sites\/NWI_CONUS\/CONUS_metadata\/wetland_polys.htm", "AREA": 154475596.501250, "LEN": 50070.492259 }, "geometry": { "type": "Polygon", "coordinates": [ [ [ -76.749691, 37.000000 ], [ -76.740481, 37.000000 ], [ -76.740481, 37.000000 ], [ -76.730461, 37.000000 ], [ -76.730461, 37.000000 ], [ -76.720441, 37.000000 ], [ -76.720441, 37.000000 ], [ -76.710421, 37.000000 ], [ -76.710421, 37.000000 ], [ -76.700401, 37.000000 ], [ -76.700401, 37.000000 ], [ -76.690381, 37.000000 ], [ -76.690381, 37.000000 ], [ -76.680361, 37.000000 ], [ -76.680361, 37.000000 ], [ -76.670341, 37.000000 ], [ -76.670341, 37.000000 ], [ -76.660321, 37.000000 ], [ -76.660321, 37.000000 ], [ -76.650301, 37.000000 ], [ -76.650301, 37.000000 ], [ -76.640280, 37.000000 ], [ -76.640280, 37.000000 ], [ -76.630261, 37.000000 ], [ -76.624689, 37.000000 ], [ -76.624690, 36.875147 ], [ -76.749688, 36.875143 ], [ -76.749691, 37.000000 ] ] ] } }
,
{ "type": "Feature", "properties": { "PROJECT_NA": "Whaleyville", "SUPPMAPINF": "None", "STATUS": "Digital", "IMAGE_DATE": "03\/89", "DATA_SOURC": "NWIC, NWI-GX", "COMMENTS": "", "EMULSION": "CIR", "IMAGE_SCAL": "1:40K", "FGDC_METAD": "http:\/\/wetlandsfws.er.usgs.gov\/imf\/sites\/NWI_CONUS\/CONUS_metadata\/wetland_polys.htm", "AREA": 155208228.577500, "LEN": 50173.625302 }, "geometry": { "type": "Polygon", "coordinates": [ [ [ -76.749686, 36.625145 ], [ -76.624689, 36.625149 ], [ -76.624685, 36.500151 ], [ -76.749685, 36.500152 ], [ -76.749686, 36.625145 ] ] ] } }
,
{ "type": "Feature", "properties": { "PROJECT_NA": "Benns Church", "SUPPMAPINF": "None", "STATUS": "Digital", "IMAGE_DATE": "03\/94,03\/00", "DATA_SOURC": "NWIC, NWI-REG5", "COMMENTS": "", "EMULSION": "CIR,B-W", "IMAGE_SCAL": "1:40K,1:40K", "FGDC_METAD": "http:\/\/wetlandsfws.er.usgs.gov\/imf\/sites\/NWI_CONUS\/CONUS_metadata\/wetland_polys.htm", "AREA": 154483388.070000, "LEN": 50071.490044 }, "geometry": { "type": "Polygon", "coordinates": [ [ [ -76.624689, 37.000000 ], [ -76.620241, 37.000000 ], [ -76.620241, 37.000000 ], [ -76.610221, 37.000000 ], [ -76.610221, 37.000000 ], [ -76.600201, 37.000000 ], [ -76.600201, 37.000000 ], [ -76.590181, 37.000000 ], [ -76.590181, 37.000000 ], [ -76.580161, 37.000000 ], [ -76.580161, 37.000000 ], [ -76.570141, 37.000000 ], [ -76.570141, 37.000000 ], [ -76.560121, 37.000000 ], [ -76.560120, 37.000000 ], [ -76.550100, 37.000000 ], [ -76.550100, 37.000000 ], [ -76.540080, 37.000000 ], [ -76.540080, 37.000000 ], [ -76.530060, 37.000000 ], [ -76.530060, 37.000000 ], [ -76.520040, 37.000000 ], [ -76.520040, 37.000000 ], [ -76.510020, 37.000000 ], [ -76.510020, 37.000000 ], [ -76.500000, 37.000000 ], [ -76.500000, 37.000000 ], [ -76.499683, 37.000000 ], [ -76.499679, 36.875145 ], [ -76.624690, 36.875147 ], [ -76.624689, 37.000000 ] ] ] } }
,
{ "type": "Feature", "properties": { "PROJECT_NA": "Lake Drummond", "SUPPMAPINF": "None", "STATUS": "Digital", "IMAGE_DATE": "04\/90", "DATA_SOURC": "NWIC, NWI-GX", "COMMENTS": "", "EMULSION": "CIR", "IMAGE_SCAL": "1:40K", "FGDC_METAD": "http:\/\/wetlandsfws.er.usgs.gov\/imf\/sites\/NWI_CONUS\/CONUS_metadata\/wetland_polys.htm", "AREA": 92813513.832100, "LEN": 38896.613614 }, "geometry": { "type": "Polygon", "coordinates": [ [ [ -76.499679, 36.625147 ], [ -76.374677, 36.625148 ], [ -76.374675, 36.550233 ], [ -76.380740, 36.550186 ], [ -76.399475, 36.550283 ], [ -76.411041, 36.550330 ], [ -76.419587, 36.550360 ], [ -76.421173, 36.550374 ], [ -76.426675, 36.550366 ], [ -76.432776, 36.550382 ], [ -76.441626, 36.550430 ], [ -76.452142, 36.550444 ], [ -76.461256, 36.550475 ], [ -76.473802, 36.550473 ], [ -76.483163, 36.550505 ], [ -76.492803, 36.550549 ], [ -76.498101, 36.550545 ], [ -76.499670, 36.550692 ], [ -76.499681, 36.550692 ], [ -76.499679, 36.625147 ] ] ] } }
,
{ "type": "Feature", "properties": { "PROJECT_NA": "Norfolk_lkdrum-2", "SUPPMAPINF": "None", "STATUS": "No Data", "IMAGE_DATE": "04\/90", "DATA_SOURC": "NWIC, NWI-GX", "COMMENTS": "", "EMULSION": "CIR", "IMAGE_SCAL": "1:40K", "FGDC_METAD": "http:\/\/wetlandsfws.er.usgs.gov\/imf\/sites\/NWI_CONUS\/CONUS_metadata\/wetland_polys.htm", "AREA": 62403098.204100, "LEN": 33454.094663 }, "geometry": { "type": "Polygon", "coordinates": [ [ [ -76.499681, 36.550692 ], [ -76.499670, 36.550692 ], [ -76.498101, 36.550545 ], [ -76.492803, 36.550549 ], [ -76.483163, 36.550505 ], [ -76.473802, 36.550473 ], [ -76.461256, 36.550475 ], [ -76.452142, 36.550444 ], [ -76.441626, 36.550430 ], [ -76.432776, 36.550382 ], [ -76.426675, 36.550366 ], [ -76.421173, 36.550374 ], [ -76.419587, 36.550360 ], [ -76.411041, 36.550330 ], [ -76.399475, 36.550283 ], [ -76.380740, 36.550186 ], [ -76.374675, 36.550233 ], [ -76.374674, 36.500154 ], [ -76.499682, 36.500150 ], [ -76.499681, 36.550692 ] ] ] } }
,
{ "type": "Feature", "properties": { "PROJECT_NA": "Moyock", "SUPPMAPINF": "None", "STATUS": "Digital", "IMAGE_DATE": "04\/90", "DATA_SOURC": "NWIC, NWI-GX", "COMMENTS": "", "EMULSION": "CIR", "IMAGE_SCAL": "1:40K", "FGDC_METAD": "http:\/\/wetlandsfws.er.usgs.gov\/imf\/sites\/NWI_CONUS\/CONUS_metadata\/wetland_polys.htm", "AREA": 155220011.483150, "LEN": 50175.431061 }, "geometry": { "type": "Polygon", "coordinates": [ [ [ -76.249671, 36.625148 ], [ -76.124664, 36.625148 ], [ -76.124662, 36.500153 ], [ -76.249665, 36.500147 ], [ -76.249671, 36.625148 ] ] ] } }
,
{ "type": "Feature", "properties": { "PROJECT_NA": "Lambs Corner", "SUPPMAPINF": "None", "STATUS": "Digital", "IMAGE_DATE": "04\/82", "DATA_SOURC": "NWIC, NWI-GX", "COMMENTS": "", "EMULSION": "CIR", "IMAGE_SCAL": "1:58K", "FGDC_METAD": "http:\/\/wetlandsfws.er.usgs.gov\/imf\/sites\/NWI_CONUS\/CONUS_metadata\/wetland_polys.htm", "AREA": 155462260.642500, "LEN": 50209.468467 }, "geometry": { "type": "Polygon", "coordinates": [ [ [ -76.249665, 36.500147 ], [ -76.124662, 36.500153 ], [ -76.124662, 36.500001 ], [ -76.129259, 36.500000 ], [ -76.129259, 36.500000 ], [ -76.139279, 36.500000 ], [ -76.139279, 36.500000 ], [ -76.149299, 36.500000 ], [ -76.159319, 36.500000 ], [ -76.159319, 36.500000 ], [ -76.169339, 36.500000 ], [ -76.169339, 36.500000 ], [ -76.179359, 36.500000 ], [ -76.179359, 36.500000 ], [ -76.189379, 36.500000 ], [ -76.189379, 36.500000 ], [ -76.199399, 36.500000 ], [ -76.199399, 36.500000 ], [ -76.209419, 36.500000 ], [ -76.209419, 36.500000 ], [ -76.219439, 36.500000 ], [ -76.219439, 36.500000 ], [ -76.229459, 36.500000 ], [ -76.229459, 36.500000 ], [ -76.239479, 36.500000 ], [ -76.239479, 36.500000 ], [ -76.249499, 36.500000 ], [ -76.249499, 36.500000 ], [ -76.249665, 36.500000 ], [ -76.249665, 36.500147 ] ] ] } }
,
{ "type": "Feature", "properties": { "PROJECT_NA": "Princess Anne", "SUPPMAPINF": "None", "STATUS": "Digital", "IMAGE_DATE": "03\/94,03\/00", "DATA_SOURC": "NWIC, NWI-REG5", "COMMENTS": "", "EMULSION": "CIR,B-W", "IMAGE_SCAL": "1:40K,1:40K", "FGDC_METAD": "http:\/\/wetlandsfws.er.usgs.gov\/imf\/sites\/NWI_CONUS\/CONUS_metadata\/wetland_polys.htm", "AREA": 154720840.976850, "LEN": 50104.919660 }, "geometry": { "type": "Polygon", "coordinates": [ [ [ -76.124661, 36.875144 ], [ -75.999662, 36.875145 ], [ -75.999662, 36.750146 ], [ -76.124667, 36.750148 ], [ -76.124661, 36.875144 ] ] ] } }
,
{ "type": "Feature", "properties": { "PROJECT_NA": "Knotts Island", "SUPPMAPINF": "None", "STATUS": "Digital", "IMAGE_DATE": "04\/78", "DATA_SOURC": "NWIC, NWI-GX", "COMMENTS": "", "EMULSION": "B-W", "IMAGE_SCAL": "1:80K", "FGDC_METAD": "http:\/\/wetlandsfws.er.usgs.gov\/imf\/sites\/NWI_CONUS\/CONUS_metadata\/wetland_polys.htm", "AREA": 155216679.600300, "LEN": 50175.025805 }, "geometry": { "type": "Polygon", "coordinates": [ [ [ -75.999663, 36.625150 ], [ -75.998998, 36.625151 ], [ -75.998998, 36.619239 ], [ -75.998998, 36.619239 ], [ -75.998998, 36.609219 ], [ -75.998998, 36.609219 ], [ -75.998998, 36.599199 ], [ -75.998998, 36.599199 ], [ -75.998998, 36.589179 ], [ -75.998998, 36.589179 ], [ -75.998998, 36.579159 ], [ -75.998998, 36.579159 ], [ -75.998998, 36.569139 ], [ -75.998998, 36.569139 ], [ -75.998998, 36.559119 ], [ -75.998998, 36.559119 ], [ -75.998998, 36.549098 ], [ -75.998998, 36.549098 ], [ -75.998998, 36.539078 ], [ -75.998998, 36.539078 ], [ -75.998998, 36.529058 ], [ -75.998998, 36.529058 ], [ -75.998998, 36.519038 ], [ -75.998998, 36.519038 ], [ -75.998998, 36.509018 ], [ -75.998998, 36.509018 ], [ -75.998998, 36.500154 ], [ -75.999655, 36.500154 ], [ -75.999663, 36.625150 ] ] ] } }
,
{ "type": "Feature", "properties": { "PROJECT_NA": "Corapeake", "SUPPMAPINF": "None", "STATUS": "Digital", "IMAGE_DATE": "03\/89,04\/90", "DATA_SOURC": "NWIC, NWI-GX", "COMMENTS": "", "EMULSION": "CIR", "IMAGE_SCAL": "1:40K", "FGDC_METAD": "http:\/\/wetlandsfws.er.usgs.gov\/imf\/sites\/NWI_CONUS\/CONUS_metadata\/wetland_polys.htm", "AREA": 155220724.243400, "LEN": 50175.494429 }, "geometry": { "type": "Polygon", "coordinates": [ [ [ -76.624689, 36.625149 ], [ -76.499679, 36.625147 ], [ -76.499682, 36.500150 ], [ -76.624685, 36.500151 ], [ -76.624689, 36.625149 ] ] ] } }
,
{ "type": "Feature", "properties": { "PROJECT_NA": "Chuckatuck", "SUPPMAPINF": "None", "STATUS": "Digital", "IMAGE_DATE": "03\/89,04\/90", "DATA_SOURC": "NWIC, NWI-GX", "COMMENTS": "", "EMULSION": "CIR", "IMAGE_SCAL": "1:40K", "FGDC_METAD": "http:\/\/wetlandsfws.er.usgs.gov\/imf\/sites\/NWI_CONUS\/CONUS_metadata\/wetland_polys.htm", "AREA": 154731415.375000, "LEN": 50106.515004 }, "geometry": { "type": "Polygon", "coordinates": [ [ [ -76.624690, 36.875147 ], [ -76.499679, 36.875145 ], [ -76.499675, 36.750149 ], [ -76.624682, 36.750145 ], [ -76.624690, 36.875147 ] ] ] } }
,
{ "type": "Feature", "properties": { "PROJECT_NA": "Lake Drummond NW", "SUPPMAPINF": "None", "STATUS": "Digital", "IMAGE_DATE": "03\/94,03\/00", "DATA_SOURC": "NWIC, NWI-REG5", "COMMENTS": "", "EMULSION": "CIR,B-W", "IMAGE_SCAL": "1:40K,1:40K", "FGDC_METAD": "http:\/\/wetlandsfws.er.usgs.gov\/imf\/sites\/NWI_CONUS\/CONUS_metadata\/wetland_polys.htm", "AREA": 154973494.658750, "LEN": 50140.696115 }, "geometry": { "type": "Polygon", "coordinates": [ [ [ -76.499675, 36.750149 ], [ -76.374669, 36.750144 ], [ -76.374677, 36.625148 ], [ -76.499679, 36.625147 ], [ -76.499675, 36.750149 ] ] ] } }
,
{ "type": "Feature", "properties": { "PROJECT_NA": "Kempsville", "SUPPMAPINF": "None", "STATUS": "Digital", "IMAGE_DATE": "03\/94,03\/00", "DATA_SOURC": "NWIC, NWI-REG5", "COMMENTS": "", "EMULSION": "CIR,B-W", "IMAGE_SCAL": "1:40K,1:40K", "FGDC_METAD": "http:\/\/wetlandsfws.er.usgs.gov\/imf\/sites\/NWI_CONUS\/CONUS_metadata\/wetland_polys.htm", "AREA": 154722048.001900, "LEN": 50104.934360 }, "geometry": { "type": "Polygon", "coordinates": [ [ [ -76.249671, 36.875142 ], [ -76.124661, 36.875144 ], [ -76.124667, 36.750148 ], [ -76.249670, 36.750149 ], [ -76.249671, 36.875142 ] ] ] } }
,
{ "type": "Feature", "properties": { "PROJECT_NA": "Raynor", "SUPPMAPINF": "None", "STATUS": "Digital", "IMAGE_DATE": "03\/89", "DATA_SOURC": "NWIC, NWI-GX", "COMMENTS": "", "EMULSION": "CIR", "IMAGE_SCAL": "1:40K", "FGDC_METAD": "http:\/\/wetlandsfws.er.usgs.gov\/imf\/sites\/NWI_CONUS\/CONUS_metadata\/wetland_polys.htm", "AREA": 154480441.486250, "LEN": 50071.308754 }, "geometry": { "type": "Polygon", "coordinates": [ [ [ -76.874690, 37.000000 ], [ -76.870742, 37.000000 ], [ -76.870742, 37.000000 ], [ -76.860722, 37.000000 ], [ -76.860722, 37.000000 ], [ -76.850702, 37.000000 ], [ -76.850702, 37.000000 ], [ -76.840682, 37.000000 ], [ -76.840682, 37.000000 ], [ -76.830662, 37.000000 ], [ -76.830662, 37.000000 ], [ -76.820642, 37.000000 ], [ -76.820642, 37.000000 ], [ -76.810622, 37.000000 ], [ -76.810621, 37.000000 ], [ -76.800601, 37.000000 ], [ -76.800601, 37.000000 ], [ -76.790581, 37.000000 ], [ -76.790581, 37.000000 ], [ -76.780561, 37.000000 ], [ -76.780561, 37.000000 ], [ -76.770541, 37.000000 ], [ -76.770541, 37.000000 ], [ -76.760521, 37.000000 ], [ -76.760521, 37.000000 ], [ -76.750501, 37.000000 ], [ -76.750501, 37.000000 ], [ -76.749691, 37.000000 ], [ -76.749688, 36.875143 ], [ -76.874692, 36.875145 ], [ -76.874690, 37.000000 ] ] ] } }
,
{ "type": "Feature", "properties": { "PROJECT_NA": "Gates", "SUPPMAPINF": "None", "STATUS": "Digital", "IMAGE_DATE": "04\/90", "DATA_SOURC": "NWIC, NWI-GX", "COMMENTS": "", "EMULSION": "CIR", "IMAGE_SCAL": "1:40K", "FGDC_METAD": "http:\/\/wetlandsfws.er.usgs.gov\/imf\/sites\/NWI_CONUS\/CONUS_metadata\/wetland_polys.htm", "AREA": 155216401.065050, "LEN": 50174.797056 }, "geometry": { "type": "Polygon", "coordinates": [ [ [ -76.874687, 36.625147 ], [ -76.749686, 36.625145 ], [ -76.749685, 36.500152 ], [ -76.874694, 36.500149 ], [ -76.874687, 36.625147 ] ] ] } }
,
{ "type": "Feature", "properties": { "PROJECT_NA": "Holland", "SUPPMAPINF": "None", "STATUS": "Digital", "IMAGE_DATE": "03\/90,04\/90", "DATA_SOURC": "NWIC, NWI-GX", "COMMENTS": "", "EMULSION": "CIR", "IMAGE_SCAL": "1:40K", "FGDC_METAD": "http:\/\/wetlandsfws.er.usgs.gov\/imf\/sites\/NWI_CONUS\/CONUS_metadata\/wetland_polys.htm", "AREA": 154968788.396550, "LEN": 50140.062788 }, "geometry": { "type": "Polygon", "coordinates": [ [ [ -76.874695, 36.750144 ], [ -76.749697, 36.750148 ], [ -76.749686, 36.625145 ], [ -76.874687, 36.625147 ], [ -76.874695, 36.750144 ] ] ] } }
,
{ "type": "Feature", "properties": { "PROJECT_NA": "Lynchs Corner", "SUPPMAPINF": "None", "STATUS": "Digital", "IMAGE_DATE": "04\/82", "DATA_SOURC": "NWIC, NWI-GX", "COMMENTS": "", "EMULSION": "CIR", "IMAGE_SCAL": "1:58K", "FGDC_METAD": "http:\/\/wetlandsfws.er.usgs.gov\/imf\/sites\/NWI_CONUS\/CONUS_metadata\/wetland_polys.htm", "AREA": 155466462.662200, "LEN": 50210.273521 }, "geometry": { "type": "Polygon", "coordinates": [ [ [ -76.499682, 36.500150 ], [ -76.374674, 36.500154 ], [ -76.374674, 36.500001 ], [ -76.379760, 36.500000 ], [ -76.379760, 36.500000 ], [ -76.389780, 36.500000 ], [ -76.389780, 36.500000 ], [ -76.399800, 36.500000 ], [ -76.409820, 36.500000 ], [ -76.409820, 36.500000 ], [ -76.419840, 36.500000 ], [ -76.419840, 36.500000 ], [ -76.429860, 36.500000 ], [ -76.429860, 36.500000 ], [ -76.439880, 36.500000 ], [ -76.439880, 36.500000 ], [ -76.449900, 36.500000 ], [ -76.449900, 36.500000 ], [ -76.459920, 36.500000 ], [ -76.459920, 36.500000 ], [ -76.469940, 36.500000 ], [ -76.469940, 36.500000 ], [ -76.479960, 36.500000 ], [ -76.479960, 36.500000 ], [ -76.489980, 36.500000 ], [ -76.489980, 36.500000 ], [ -76.499682, 36.500000 ], [ -76.499682, 36.500150 ] ] ] } }
,
{ "type": "Feature", "properties": { "PROJECT_NA": "Newport News South", "SUPPMAPINF": "None", "STATUS": "Digital", "IMAGE_DATE": "03\/94,03\/00", "DATA_SOURC": "NWIC, NWI-REG5", "COMMENTS": "", "EMULSION": "CIR,B-W", "IMAGE_SCAL": "1:40K,1:40K", "FGDC_METAD": "http:\/\/wetlandsfws.er.usgs.gov\/imf\/sites\/NWI_CONUS\/CONUS_metadata\/wetland_polys.htm", "AREA": 154480195.267500, "LEN": 50071.026232 }, "geometry": { "type": "Polygon", "coordinates": [ [ [ -76.499683, 37.000000 ], [ -76.489980, 37.000000 ], [ -76.489980, 37.000000 ], [ -76.479960, 37.000000 ], [ -76.479960, 37.000000 ], [ -76.469940, 37.000000 ], [ -76.469940, 37.000000 ], [ -76.459920, 37.000000 ], [ -76.459920, 37.000000 ], [ -76.449900, 37.000000 ], [ -76.449900, 37.000000 ], [ -76.439880, 37.000000 ], [ -76.439880, 37.000000 ], [ -76.429860, 37.000000 ], [ -76.429860, 37.000000 ], [ -76.419840, 37.000000 ], [ -76.419840, 37.000000 ], [ -76.409820, 37.000000 ], [ -76.409820, 37.000000 ], [ -76.399800, 37.000000 ], [ -76.399800, 37.000000 ], [ -76.389780, 37.000000 ], [ -76.379760, 37.000000 ], [ -76.379760, 37.000000 ], [ -76.374673, 37.000000 ], [ -76.374677, 36.875146 ], [ -76.499679, 36.875145 ], [ -76.499683, 37.000000 ] ] ] } }
,
{ "type": "Feature", "properties": { "PROJECT_NA": "Murfreesboro", "SUPPMAPINF": "None", "STATUS": "Digital", "IMAGE_DATE": "03\/82", "DATA_SOURC": "NWIC, NWI-GX", "COMMENTS": "", "EMULSION": "CIR", "IMAGE_SCAL": "1:58K", "FGDC_METAD": "http:\/\/wetlandsfws.er.usgs.gov\/imf\/sites\/NWI_CONUS\/CONUS_metadata\/wetland_polys.htm", "AREA": 155469411.101600, "LEN": 50210.704505 }, "geometry": { "type": "Polygon", "coordinates": [ [ [ -77.001002, 36.500150 ], [ -76.999687, 36.500149 ], [ -76.999687, 36.500001 ], [ -77.001002, 36.500000 ], [ -77.001002, 36.500000 ], [ -77.001002, 36.500150 ] ] ] } }
,
{ "type": "Feature", "properties": { "PROJECT_NA": "Riverdale", "SUPPMAPINF": "None", "STATUS": "Digital", "IMAGE_DATE": "03\/90,04\/90", "DATA_SOURC": "NWIC, NWI-GX", "COMMENTS": "", "EMULSION": "CIR", "IMAGE_SCAL": "1:40K", "FGDC_METAD": "http:\/\/wetlandsfws.er.usgs.gov\/imf\/sites\/NWI_CONUS\/CONUS_metadata\/wetland_polys.htm", "AREA": 155208628.612500, "LEN": 50173.791960 }, "geometry": { "type": "Polygon", "coordinates": [ [ [ -76.999686, 36.625146 ], [ -76.874687, 36.625147 ], [ -76.874694, 36.500149 ], [ -76.999687, 36.500149 ], [ -76.999686, 36.625146 ] ] ] } }
,
{ "type": "Feature", "properties": { "PROJECT_NA": "Franklin", "SUPPMAPINF": "None", "STATUS": "Digital", "IMAGE_DATE": "03\/90,04\/90", "DATA_SOURC": "NWIC, NWI-GX", "COMMENTS": "", "EMULSION": "CIR", "IMAGE_SCAL": "1:40K", "FGDC_METAD": "http:\/\/wetlandsfws.er.usgs.gov\/imf\/sites\/NWI_CONUS\/CONUS_metadata\/wetland_polys.htm", "AREA": 154970273.566550, "LEN": 50140.208505 }, "geometry": { "type": "Polygon", "coordinates": [ [ [ -76.999700, 36.750146 ], [ -76.874695, 36.750144 ], [ -76.874687, 36.625147 ], [ -76.999686, 36.625146 ], [ -76.999700, 36.750146 ] ] ] } }
,
{ "type": "Feature", "properties": { "PROJECT_NA": "Vicksville", "SUPPMAPINF": "None", "STATUS": "Digital", "IMAGE_DATE": "03\/82", "DATA_SOURC": "NWIC, NWI-GX", "COMMENTS": "", "EMULSION": "CIR", "IMAGE_SCAL": "1:58K", "FGDC_METAD": "http:\/\/wetlandsfws.er.usgs.gov\/imf\/sites\/NWI_CONUS\/CONUS_metadata\/wetland_polys.htm", "AREA": 154718273.021900, "LEN": 50104.670671 }, "geometry": { "type": "Polygon", "coordinates": [ [ [ -77.001002, 36.875149 ], [ -76.999691, 36.875148 ], [ -76.999700, 36.750146 ], [ -77.001002, 36.750147 ], [ -77.001002, 36.750501 ], [ -77.001002, 36.750501 ], [ -77.001002, 36.760522 ], [ -77.001002, 36.760522 ], [ -77.001002, 36.770542 ], [ -77.001002, 36.770542 ], [ -77.001002, 36.780562 ], [ -77.001002, 36.780562 ], [ -77.001002, 36.790582 ], [ -77.001002, 36.790582 ], [ -77.001002, 36.800602 ], [ -77.001002, 36.800602 ], [ -77.001002, 36.810621 ], [ -77.001002, 36.820641 ], [ -77.001002, 36.820641 ], [ -77.001002, 36.830661 ], [ -77.001002, 36.830661 ], [ -77.001002, 36.840682 ], [ -77.001002, 36.840682 ], [ -77.001002, 36.850702 ], [ -77.001002, 36.850702 ], [ -77.001002, 36.860722 ], [ -77.001002, 36.860722 ], [ -77.001002, 36.870742 ], [ -77.001002, 36.870742 ], [ -77.001002, 36.875149 ] ] ] } }
,
{ "type": "Feature", "properties": { "PROJECT_NA": "Winton", "SUPPMAPINF": "None", "STATUS": "Digital", "IMAGE_DATE": "03\/82", "DATA_SOURC": "NWIC, NWI-GX", "COMMENTS": "", "EMULSION": "CIR", "IMAGE_SCAL": "1:58K", "FGDC_METAD": "http:\/\/wetlandsfws.er.usgs.gov\/imf\/sites\/NWI_CONUS\/CONUS_metadata\/wetland_polys.htm", "AREA": 155455736.033100, "LEN": 50208.649250 }, "geometry": { "type": "Polygon", "coordinates": [ [ [ -76.999687, 36.500149 ], [ -76.874694, 36.500149 ], [ -76.874694, 36.500001 ], [ -76.880762, 36.500000 ], [ -76.880762, 36.500000 ], [ -76.890781, 36.500000 ], [ -76.900802, 36.500000 ], [ -76.900802, 36.500000 ], [ -76.910822, 36.500000 ], [ -76.910822, 36.500000 ], [ -76.920842, 36.500000 ], [ -76.920842, 36.500000 ], [ -76.930862, 36.500000 ], [ -76.930862, 36.500000 ], [ -76.940882, 36.500000 ], [ -76.940882, 36.500000 ], [ -76.950902, 36.500000 ], [ -76.950902, 36.500000 ], [ -76.960922, 36.500000 ], [ -76.960922, 36.500000 ], [ -76.970942, 36.500000 ], [ -76.970942, 36.500000 ], [ -76.980962, 36.500000 ], [ -76.980962, 36.500000 ], [ -76.990982, 36.500000 ], [ -76.990982, 36.500000 ], [ -76.999687, 36.500001 ], [ -76.999687, 36.500149 ] ] ] } }
,
{ "type": "Feature", "properties": { "PROJECT_NA": "Suffolk", "SUPPMAPINF": "None", "STATUS": "Digital", "IMAGE_DATE": "03\/89,04\/90", "DATA_SOURC": "NWIC, NWI-GX", "COMMENTS": "", "EMULSION": "CIR", "IMAGE_SCAL": "1:40K", "FGDC_METAD": "http:\/\/wetlandsfws.er.usgs.gov\/imf\/sites\/NWI_CONUS\/CONUS_metadata\/wetland_polys.htm", "AREA": 154978553.816900, "LEN": 50141.420557 }, "geometry": { "type": "Polygon", "coordinates": [ [ [ -76.624682, 36.750145 ], [ -76.499675, 36.750149 ], [ -76.499679, 36.625147 ], [ -76.624689, 36.625149 ], [ -76.624682, 36.750145 ] ] ] } }
,
{ "type": "Feature", "properties": { "PROJECT_NA": "Cape Henry", "SUPPMAPINF": "None", "STATUS": "Digital", "IMAGE_DATE": "03\/94,03\/00", "DATA_SOURC": "NWIC, NWI-REG5", "COMMENTS": "", "EMULSION": "CIR,B-W", "IMAGE_SCAL": "1:40K,1:40K", "FGDC_METAD": "http:\/\/wetlandsfws.er.usgs.gov\/imf\/sites\/NWI_CONUS\/CONUS_metadata\/wetland_polys.htm", "AREA": 154473191.448100, "LEN": 50069.906343 }, "geometry": { "type": "Polygon", "coordinates": [ [ [ -76.124669, 37.000000 ], [ -76.119239, 37.000000 ], [ -76.119239, 37.000000 ], [ -76.109219, 37.000000 ], [ -76.109219, 37.000000 ], [ -76.099199, 37.000000 ], [ -76.099199, 37.000000 ], [ -76.089179, 37.000000 ], [ -76.089179, 37.000000 ], [ -76.079159, 37.000000 ], [ -76.079159, 37.000000 ], [ -76.069139, 37.000000 ], [ -76.069139, 37.000000 ], [ -76.059118, 37.000000 ], [ -76.059118, 37.000000 ], [ -76.049098, 37.000000 ], [ -76.049098, 37.000000 ], [ -76.039078, 37.000000 ], [ -76.039078, 37.000000 ], [ -76.029058, 37.000000 ], [ -76.029058, 37.000000 ], [ -76.019038, 37.000000 ], [ -76.019038, 37.000000 ], [ -76.009018, 37.000000 ], [ -76.009018, 37.000000 ], [ -75.999663, 37.000000 ], [ -75.999662, 36.875145 ], [ -76.124661, 36.875144 ], [ -76.124669, 37.000000 ] ] ] } }
,
{ "type": "Feature", "properties": { "PROJECT_NA": "Barco", "SUPPMAPINF": "None", "STATUS": "Digital", "IMAGE_DATE": "03\/77", "DATA_SOURC": "NWIC, NWI-GX", "COMMENTS": "", "EMULSION": "B-W", "IMAGE_SCAL": "1:80K", "FGDC_METAD": "http:\/\/wetlandsfws.er.usgs.gov\/imf\/sites\/NWI_CONUS\/CONUS_metadata\/wetland_polys.htm", "AREA": 155468966.812200, "LEN": 50210.588609 }, "geometry": { "type": "Polygon", "coordinates": [ [ [ -75.999655, 36.500154 ], [ -75.998998, 36.500154 ], [ -75.998998, 36.500000 ], [ -75.999655, 36.500001 ], [ -75.999655, 36.500154 ] ] ] } }
,
{ "type": "Feature", "properties": { "PROJECT_NA": "Manry", "SUPPMAPINF": "None", "STATUS": "Digital", "IMAGE_DATE": "03\/82", "DATA_SOURC": "NWIC, NWI-GX", "COMMENTS": "", "EMULSION": "CIR", "IMAGE_SCAL": "1:58K", "FGDC_METAD": "http:\/\/wetlandsfws.er.usgs.gov\/imf\/sites\/NWI_CONUS\/CONUS_metadata\/wetland_polys.htm", "AREA": 154475687.935300, "LEN": 50070.503637 }, "geometry": { "type": "Polygon", "coordinates": [ [ [ -77.001002, 37.000000 ], [ -76.999696, 37.000000 ], [ -76.999691, 36.875148 ], [ -77.001002, 36.875149 ], [ -77.001002, 36.880762 ], [ -77.001002, 36.880762 ], [ -77.001002, 36.890782 ], [ -77.001002, 36.890782 ], [ -77.001002, 36.900802 ], [ -77.001002, 36.900802 ], [ -77.001002, 36.910822 ], [ -77.001002, 36.910822 ], [ -77.001002, 36.920842 ], [ -77.001002, 36.920842 ], [ -77.001002, 36.930862 ], [ -77.001002, 36.930862 ], [ -77.001002, 36.940882 ], [ -77.001002, 36.940882 ], [ -77.001002, 36.950902 ], [ -77.001002, 36.950902 ], [ -77.001002, 36.960922 ], [ -77.001002, 36.960922 ], [ -77.001002, 36.970942 ], [ -77.001002, 36.970942 ], [ -77.001002, 36.980962 ], [ -77.001002, 36.980962 ], [ -77.001002, 36.990982 ], [ -77.001002, 36.990982 ], [ -77.001002, 37.000000 ] ] ] } }
,
{ "type": "Feature", "properties": { "PROJECT_NA": "Ivor", "SUPPMAPINF": "None", "STATUS": "Digital", "IMAGE_DATE": "03\/90,04\/90", "DATA_SOURC": "NWIC, NWI-GX", "COMMENTS": "", "EMULSION": "CIR", "IMAGE_SCAL": "1:40K", "FGDC_METAD": "http:\/\/wetlandsfws.er.usgs.gov\/imf\/sites\/NWI_CONUS\/CONUS_metadata\/wetland_polys.htm", "AREA": 154480528.785000, "LEN": 50071.248732 }, "geometry": { "type": "Polygon", "coordinates": [ [ [ -76.999696, 37.000000 ], [ -76.990982, 37.000000 ], [ -76.990982, 37.000000 ], [ -76.980962, 37.000000 ], [ -76.980962, 37.000000 ], [ -76.970942, 37.000000 ], [ -76.970942, 37.000000 ], [ -76.960922, 37.000000 ], [ -76.960922, 37.000000 ], [ -76.950902, 37.000000 ], [ -76.950902, 37.000000 ], [ -76.940882, 37.000000 ], [ -76.940882, 37.000000 ], [ -76.930862, 37.000000 ], [ -76.930862, 37.000000 ], [ -76.920842, 37.000000 ], [ -76.920842, 37.000000 ], [ -76.910822, 37.000000 ], [ -76.910822, 37.000000 ], [ -76.900802, 37.000000 ], [ -76.900802, 37.000000 ], [ -76.890781, 37.000000 ], [ -76.890781, 37.000000 ], [ -76.880762, 37.000000 ], [ -76.874690, 37.000000 ], [ -76.874692, 36.875145 ], [ -76.999691, 36.875148 ], [ -76.999696, 37.000000 ] ] ] } }
,
{ "type": "Feature", "properties": { "PROJECT_NA": "Bowers Hill", "SUPPMAPINF": "None", "STATUS": "Digital", "IMAGE_DATE": "03\/94,03\/00", "DATA_SOURC": "NWIC, NWI-REG5", "COMMENTS": "", "EMULSION": "CIR,B-W", "IMAGE_SCAL": "1:40K,1:40K", "FGDC_METAD": "http:\/\/wetlandsfws.er.usgs.gov\/imf\/sites\/NWI_CONUS\/CONUS_metadata\/wetland_polys.htm", "AREA": 154726000.370000, "LEN": 50105.741415 }, "geometry": { "type": "Polygon", "coordinates": [ [ [ -76.499679, 36.875145 ], [ -76.374677, 36.875146 ], [ -76.374669, 36.750144 ], [ -76.499675, 36.750149 ], [ -76.499679, 36.875145 ] ] ] } }
,
{ "type": "Feature", "properties": { "PROJECT_NA": "Lake Drummond SE", "SUPPMAPINF": "None", "STATUS": "Digital", "IMAGE_DATE": "04\/90", "DATA_SOURC": "NWIC, NWI-GX", "COMMENTS": "", "EMULSION": "CIR", "IMAGE_SCAL": "1:40K", "FGDC_METAD": "http:\/\/wetlandsfws.er.usgs.gov\/imf\/sites\/NWI_CONUS\/CONUS_metadata\/wetland_polys.htm", "AREA": 155222511.687150, "LEN": 50175.769847 }, "geometry": { "type": "Polygon", "coordinates": [ [ [ -76.374677, 36.625148 ], [ -76.249671, 36.625148 ], [ -76.249665, 36.500147 ], [ -76.374674, 36.500154 ], [ -76.374677, 36.625148 ] ] ] } }
,
{ "type": "Feature", "properties": { "PROJECT_NA": "Norfolk_creeds-2", "SUPPMAPINF": "None", "STATUS": "No Data", "IMAGE_DATE": "04\/90", "DATA_SOURC": "NWIC, NWI-GX", "COMMENTS": "", "EMULSION": "CIR", "IMAGE_SCAL": "1:40K", "FGDC_METAD": "http:\/\/wetlandsfws.er.usgs.gov\/imf\/sites\/NWI_CONUS\/CONUS_metadata\/wetland_polys.htm", "AREA": 62574260.873150, "LEN": 33449.418234 }, "geometry": { "type": "Polygon", "coordinates": [ [ [ -76.124663, 36.550427 ], [ -76.124655, 36.550426 ], [ -76.120024, 36.550498 ], [ -76.115414, 36.550508 ], [ -76.105037, 36.550567 ], [ -76.099771, 36.550565 ], [ -76.094483, 36.550565 ], [ -76.089197, 36.550571 ], [ -76.078623, 36.550571 ], [ -76.073335, 36.550573 ], [ -76.068049, 36.550574 ], [ -76.060353, 36.550550 ], [ -76.058353, 36.550576 ], [ -76.054753, 36.550566 ], [ -76.046414, 36.550524 ], [ -76.036080, 36.550512 ], [ -76.027060, 36.550500 ], [ -76.013533, 36.550477 ], [ -76.006273, 36.550491 ], [ -75.999658, 36.550471 ], [ -75.999655, 36.500154 ], [ -76.124662, 36.500153 ], [ -76.124663, 36.550427 ] ] ] } }
,
{ "type": "Feature", "properties": { "PROJECT_NA": "Creeds", "SUPPMAPINF": "None", "STATUS": "Digital", "IMAGE_DATE": "04\/90", "DATA_SOURC": "NWIC, NWI-GX", "COMMENTS": "", "EMULSION": "CIR", "IMAGE_SCAL": "1:40K", "FGDC_METAD": "http:\/\/wetlandsfws.er.usgs.gov\/imf\/sites\/NWI_CONUS\/CONUS_metadata\/wetland_polys.htm", "AREA": 92641460.222700, "LEN": 38899.000685 }, "geometry": { "type": "Polygon", "coordinates": [ [ [ -76.124664, 36.625148 ], [ -75.999663, 36.625150 ], [ -75.999658, 36.550471 ], [ -76.006273, 36.550491 ], [ -76.013533, 36.550477 ], [ -76.027060, 36.550500 ], [ -76.036080, 36.550512 ], [ -76.046414, 36.550524 ], [ -76.054753, 36.550566 ], [ -76.058353, 36.550576 ], [ -76.060353, 36.550550 ], [ -76.068049, 36.550574 ], [ -76.073335, 36.550573 ], [ -76.078623, 36.550571 ], [ -76.089197, 36.550571 ], [ -76.094483, 36.550565 ], [ -76.099771, 36.550565 ], [ -76.105037, 36.550567 ], [ -76.115414, 36.550508 ], [ -76.120024, 36.550498 ], [ -76.124655, 36.550426 ], [ -76.124663, 36.550427 ], [ -76.124664, 36.625148 ] ] ] } }

]
}
