<?xml version="1.0"?>
<!--<!DOCTYPE metadata SYSTEM "http://www.esri.com/metadata/esriprof80.dtd">-->
<metadata xml:lang="en"><Esri><CreaDate>20130430</CreaDate><CreaTime>16254300</CreaTime><SyncOnce>FALSE</SyncOnce><DataProperties><lineage><Process ToolSource="C:\Program Files\ArcGIS\ArcToolbox\Toolboxes\Data Management Tools.tbx\RepairGeometry" Date="20091211" Time="154213">RepairGeometry JCC_Edge_Of_Pavement KEEP_NULL JCC_Edge_Of_Pavement</Process><Process ToolSource="C:\Program Files\ArcGIS\ArcToolbox\Toolboxes\Analysis Tools.tbx\Clip" Date="20091211" Time="154321">Clip JCC_Edge_Of_Pavement James_city_county_Impervious I:\James_City_County_imp\James_city_edge_of_pavement_pa18.shp #</Process><Process ToolSource="C:\Program Files\ArcGIS\ArcToolbox\Toolboxes\Data Management Tools.tbx\Merge" Date="20091211" Time="154545">Merge James_city_edge_of_pavement_pa18;James_city_edge_of_pavement_pa22 I:\James_City_County_imp\James_city_edge_of_pavement_pa22_18.shp "Pavement 'Pavement' true true false 5 Text 0 0 ,First,#,James_city_edge_of_pavement_pa18,Pavement,-1,-1,James_city_edge_of_pavement_pa22,Pavement,-1,-1;Shape_Leng 'Shape_Leng' true true false 19 Double 0 0 ,First,#,James_city_edge_of_pavement_pa18,Shape_Leng,-1,-1,James_city_edge_of_pavement_pa22,Shape_Leng,-1,-1;Shape_Area 'Shape_Area' true true false 19 Double 0 0 ,First,#,James_city_edge_of_pavement_pa18,Shape_Area,-1,-1,James_city_edge_of_pavement_pa22,Shape_Area,-1,-1"</Process><Process ToolSource="C:\Program Files\ArcGIS\ArcToolbox\Toolboxes\Analysis Tools.tbx\Update" Date="20091211" Time="155234">Update James_city_edge_of_pavement_pa22_18 PA_18_and_PA_22 I:\James_City_County_imp\James_city_impervious_pa18_22_for_edits.shp BORDERS #</Process><Process ToolSource="C:\Program Files\ArcGIS\ArcToolbox\Toolboxes\Analysis Tools.tbx\Erase" Date="20100104" Time="152756">Erase James_city_impervious_pa18_22_311209_dw James_city_county_6inch_images I:\James_City_County_imp\cleanup\James_city_impervious_pa18_22_311209_dw_erase_pilot_area.shp #</Process><Process ToolSource="C:\Program Files\ArcGIS\ArcToolbox\Toolboxes\Analysis Tools.tbx\Update" Date="20100104" Time="152929">Update James_city_impervious_pa18_22_311209_dw_erase_pilot_area JCC_Imprvious_Pilot_Area_Delivery_121809 I:\James_City_County_imp\cleanup\James_City_impervious_pa18_22_combine_pilot_accepted.shp BORDERS #</Process><Process ToolSource="C:\Program Files\ArcGIS\ArcToolbox\Toolboxes\Analysis Tools.tbx\Clip" Date="20100105" Time="101236">Clip James_City_impervious_pa18_22_combine_pilot_accepted_buildings_other JCC_Border I:\James_City_County_imp\cleanup\James_City_impervious_pa18_22_combine_pilot_accepted_buildings_other_clipped.shp #</Process><Process ToolSource="C:\Program Files\ArcGIS\ArcToolbox\Toolboxes\Data Management Tools.tbx\Merge" Date="20100105" Time="101504">Merge James_City_impervious_pa18_22_combine_pilot_accepted_buildings_other_clipped;James_City_impervious_pa18_22_combine_pilot_accepted_edge_of_pavement I:\James_City_County_imp\cleanup\James_City_impervious_pa18_22_combine_pilot_accepted_for_topology.shp "Pavement 'Pavement' true true false 5 Text 0 0 ,First,#,James_City_impervious_pa18_22_combine_pilot_accepted_buildings_other_clipped,Pavement,-1,-1,James_City_impervious_pa18_22_combine_pilot_accepted_edge_of_pavement,Pavement,-1,-1;Shape_Leng 'Shape_Leng' true true false 19 Double 0 0 ,First,#,James_City_impervious_pa18_22_combine_pilot_accepted_buildings_other_clipped,Shape_Leng,-1,-1,James_City_impervious_pa18_22_combine_pilot_accepted_edge_of_pavement,Shape_Leng,-1,-1;Shape_Area 'Shape_Area' true true false 19 Double 0 0 ,First,#,James_City_impervious_pa18_22_combine_pilot_accepted_buildings_other_clipped,Shape_Area,-1,-1,James_City_impervious_pa18_22_combine_pilot_accepted_edge_of_pavement,Shape_Area,-1,-1;Code 'Code' true true false 20 Text 0 0 ,First,#,James_City_impervious_pa18_22_combine_pilot_accepted_buildings_other_clipped,Code,-1,-1,James_City_impervious_pa18_22_combine_pilot_accepted_edge_of_pavement,Code,-1,-1;ImpType 'ImpType' true true false 4 Short 0 4 ,First,#,James_City_impervious_pa18_22_combine_pilot_accepted_buildings_other_clipped,ImpType,-1,-1,James_City_impervious_pa18_22_combine_pilot_accepted_edge_of_pavement,ImpType,-1,-1"</Process><Process ToolSource="C:\Program Files\ArcGIS\ArcToolbox\Toolboxes\Data Management Tools.tbx\MultipartToSinglepart" Date="20100105" Time="112745">MultipartToSinglepart James_City_impervious_pa18_22_combine_pilot_accepted_for_topology I:\James_City_County_imp\cleanup\James_City_impervious_pa18_22_combine_pilot_accepted_for_topology_single.shp</Process><Process ToolSource="C:\Program Files\ArcGIS\ArcToolbox\Toolboxes\Conversion Tools.tbx\FeatureClassToFeatureClass" Date="20100105" Time="130918">FeatureClassToFeatureClass I:\James_City_County_imp\cleanup\James_City_impervious_pa18_22_combine_pilot_accepted_for_topology_single.shp I:\James_City_County_imp\QC\JCC_Topology_Checks.gdb\Pa18_22_mill_creek_watershed Pa18_22_mill_creek_for_Delivery # "Pavement 'Pavement' true true false 5 Text 0 0 ,First,#,I:\James_City_County_imp\cleanup\James_City_impervious_pa18_22_combine_pilot_accepted_for_topology_single.shp,Pavement,-1,-1;Shape_Leng 'Shape_Leng' true true false 19 Double 0 0 ,First,#,I:\James_City_County_imp\cleanup\James_City_impervious_pa18_22_combine_pilot_accepted_for_topology_single.shp,Shape_Leng,-1,-1;Shape_Area 'Shape_Area' true true false 19 Double 0 0 ,First,#,I:\James_City_County_imp\cleanup\James_City_impervious_pa18_22_combine_pilot_accepted_for_topology_single.shp,Shape_Area,-1,-1;Code 'Code' true true false 20 Text 0 0 ,First,#,I:\James_City_County_imp\cleanup\James_City_impervious_pa18_22_combine_pilot_accepted_for_topology_single.shp,Code,-1,-1;ImpType 'ImpType' true true false 4 Short 0 4 ,First,#,I:\James_City_County_imp\cleanup\James_City_impervious_pa18_22_combine_pilot_accepted_for_topology_single.shp,ImpType,-1,-1;ORIG_FID 'ORIG_FID' true true false 9 Long 0 9 ,First,#,I:\James_City_County_imp\cleanup\James_City_impervious_pa18_22_combine_pilot_accepted_for_topology_single.shp,ORIG_FID,-1,-1" # I:\James_City_County_imp\QC\JCC_Topology_Checks.gdb\Pa18_22_mill_creek_watershed\Pa18_22_mill_creek_for_Delivery</Process><Process Name="FeatureClassToFeatureClass_5" ToolSource="C:\Program Files\ArcGIS\ArcToolbox\Toolboxes\Conversion Tools.tbx\FeatureClassToFeatureClass" Date="20100211" Time="202227">FeatureClassToFeatureClass F:\jcc\Accepted\PA18_22_mill_creek_watershed_delivery_020210.shp C:\Users\Daniel\Documents\work\jcc\impervious\JamesCity_editing_02112010\JamesCity_final_editing.gdb\PA_18_22 PA18_22_mill_creek_watershed_delivery_020210 # "OBJECTID OBJECTID true false false 9 Long 0 9 ,First,#,F:\jcc\Accepted\PA18_22_mill_creek_watershed_delivery_020210.shp,OBJECTID,-1,-1;Pavement Pavement true false false 5 Text 0 0 ,First,#,F:\jcc\Accepted\PA18_22_mill_creek_watershed_delivery_020210.shp,Pavement,-1,-1;Shape_Leng Shape_Leng true false false 19 Double 0 0 ,First,#,F:\jcc\Accepted\PA18_22_mill_creek_watershed_delivery_020210.shp,Shape_Leng,-1,-1;Code Code true false false 20 Text 0 0 ,First,#,F:\jcc\Accepted\PA18_22_mill_creek_watershed_delivery_020210.shp,Code,-1,-1;ImpType ImpType true false false 4 Short 0 4 ,First,#,F:\jcc\Accepted\PA18_22_mill_creek_watershed_delivery_020210.shp,ImpType,-1,-1;ORIG_FID ORIG_FID true false false 9 Long 0 9 ,First,#,F:\jcc\Accepted\PA18_22_mill_creek_watershed_delivery_020210.shp,ORIG_FID,-1,-1;Shape_Le_1 Shape_Le_1 true false false 19 Double 0 0 ,First,#,F:\jcc\Accepted\PA18_22_mill_creek_watershed_delivery_020210.shp,Shape_Le_1,-1,-1;Shape_Area Shape_Area true false false 19 Double 0 0 ,First,#,F:\jcc\Accepted\PA18_22_mill_creek_watershed_delivery_020210.shp,Shape_Area,-1,-1;ImpClass ImpClass true false false 30 Text 0 0 ,First,#,F:\jcc\Accepted\PA18_22_mill_creek_watershed_delivery_020210.shp,ImpClass,-1,-1" # C:\Users\Daniel\Documents\work\jcc\impervious\JamesCity_editing_02112010\JamesCity_final_editing.gdb\PA_18_22\PA18_22_mill_creek_watershed_delivery_020210</Process><Process ToolSource="C:\Program Files\ArcGIS\ArcToolbox\Toolboxes\Data Management Tools.tbx\Merge" Date="20100212" Time="140334">Merge PA18_22_mill_creek_watershed_delivery_020210;James_city_impervious_pa1_2_3_4_5_6_7_8_9_10_12_13_14_15_16_17_25b I:\James_City_County_imp\for_edits\final_edits\JamesCity_final_editing.gdb\PA_1_2_3_4_5_6_7_8_9_10_12_13_14_15_16_17_18_22_25\James_city_impervious_PA_1_2_3_4_5_6_7_8_9_10_12_13_14_15_16_17_18_22_25 "OBJECTID 'OBJECTID' true true false 4 Long 0 0 ,First,#,PA18_22_mill_creek_watershed_delivery_020210,OBJECTID,-1,-1,James_city_impervious_pa1_2_3_4_5_6_7_8_9_10_12_13_14_15_16_17_25b,OBJECTID,-1,-1;Pavement 'Pavement' true true false 5 Text 0 0 ,First,#,PA18_22_mill_creek_watershed_delivery_020210,Pavement,-1,-1,James_city_impervious_pa1_2_3_4_5_6_7_8_9_10_12_13_14_15_16_17_25b,Pavement,-1,-1;Shape_Leng 'Shape_Leng' true true false 8 Double 0 0 ,First,#,PA18_22_mill_creek_watershed_delivery_020210,Shape_Leng,-1,-1,James_city_impervious_pa1_2_3_4_5_6_7_8_9_10_12_13_14_15_16_17_25b,Shape_Leng,-1,-1;Code 'Code' true true false 20 Text 0 0 ,First,#,PA18_22_mill_creek_watershed_delivery_020210,Code,-1,-1,James_city_impervious_pa1_2_3_4_5_6_7_8_9_10_12_13_14_15_16_17_25b,Code,-1,-1;ImpType 'ImpType' true true false 2 Short 0 0 ,First,#,PA18_22_mill_creek_watershed_delivery_020210,ImpType,-1,-1,James_city_impervious_pa1_2_3_4_5_6_7_8_9_10_12_13_14_15_16_17_25b,ImpType,-1,-1;ORIG_FID 'ORIG_FID' true true false 4 Long 0 0 ,First,#,PA18_22_mill_creek_watershed_delivery_020210,ORIG_FID,-1,-1,James_city_impervious_pa1_2_3_4_5_6_7_8_9_10_12_13_14_15_16_17_25b,ORIG_FID,-1,-1;Shape_Le_1 'Shape_Le_1' true true false 8 Double 0 0 ,First,#,PA18_22_mill_creek_watershed_delivery_020210,Shape_Le_1,-1,-1,James_city_impervious_pa1_2_3_4_5_6_7_8_9_10_12_13_14_15_16_17_25b,Shape_Le_1,-1,-1;ImpClass 'ImpClass' true true false 30 Text 0 0 ,First,#,PA18_22_mill_creek_watershed_delivery_020210,ImpClass,-1,-1;Shape_Length 'Shape_Length' false true true 8 Double 0 0 ,First,#,PA18_22_mill_creek_watershed_delivery_020210,Shape_Length,-1,-1,James_city_impervious_pa1_2_3_4_5_6_7_8_9_10_12_13_14_15_16_17_25b,Shape_Length,-1,-1;Shape_Area 'Shape_Area' false true true 8 Double 0 0 ,First,#,PA18_22_mill_creek_watershed_delivery_020210,Shape_Area,-1,-1,James_city_impervious_pa1_2_3_4_5_6_7_8_9_10_12_13_14_15_16_17_25b,Shape_Area,-1,-1"</Process><Process ToolSource="C:\Program Files\ArcGIS\ArcToolbox\Toolboxes\Data Management Tools.tbx\MultipartToSinglepart" Date="20100212" Time="140449">MultipartToSinglepart James_city_impervious_PA_1_2_3_4_5_6_7_8_9_10_12_13_14_15_16_17_18_22_25 I:\James_City_County_imp\for_edits\final_edits\JamesCity_final_editing.gdb\PA_1_2_3_4_5_6_7_8_9_10_12_13_14_15_16_17_18_22_25\James_city_impervious_PA_1_2_3_4_5_6_7_8_9_10_12_13_14_15_16_17_18_22_25_single</Process><Process ToolSource="C:\Program Files\ArcGIS\ArcToolbox\Toolboxes\Data Management Tools.tbx\Merge" Date="20100212" Time="160748">Merge James_city_impervious_PA_1_2_3_4_5_6_7_8_9_10_12_13_14_15_16_17_18_22_25_single;James_city_impervious_pa11_19_20_06012010_accepted_building_roads_update_single I:\James_City_County_imp\for_edits\final_edits\JamesCity_final_editing.gdb\PA_1_2_3_4_5_6_7_8_8_9_10_11_12_13_14_15_16_17_18_19_20_22_25\James_city_impervious_PA_1_2_3_4_5_6_7_8_9_10_11_12_13_14_15_16_17_18_19_20_22_25 "OBJECTID 'OBJECTID' true true false 4 Long 0 0 ,First,#,James_city_impervious_PA_1_2_3_4_5_6_7_8_9_10_12_13_14_15_16_17_18_22_25_single,OBJECTID,-1,-1,James_city_impervious_pa11_19_20_06012010_accepted_building_roads_update_single,OBJECTID,-1,-1;Pavement 'Pavement' true true false 5 Text 0 0 ,First,#,James_city_impervious_PA_1_2_3_4_5_6_7_8_9_10_12_13_14_15_16_17_18_22_25_single,Pavement,-1,-1,James_city_impervious_pa11_19_20_06012010_accepted_building_roads_update_single,Pavement,-1,-1;Shape_Leng 'Shape_Leng' true true false 8 Double 0 0 ,First,#,James_city_impervious_PA_1_2_3_4_5_6_7_8_9_10_12_13_14_15_16_17_18_22_25_single,Shape_Leng,-1,-1,James_city_impervious_pa11_19_20_06012010_accepted_building_roads_update_single,Shape_Leng,-1,-1;Code 'Code' true true false 20 Text 0 0 ,First,#,James_city_impervious_PA_1_2_3_4_5_6_7_8_9_10_12_13_14_15_16_17_18_22_25_single,Code,-1,-1,James_city_impervious_pa11_19_20_06012010_accepted_building_roads_update_single,Code,-1,-1;ImpType 'ImpType' true true false 2 Short 0 0 ,First,#,James_city_impervious_PA_1_2_3_4_5_6_7_8_9_10_12_13_14_15_16_17_18_22_25_single,ImpType,-1,-1,James_city_impervious_pa11_19_20_06012010_accepted_building_roads_update_single,ImpType,-1,-1;ORIG_FID 'ORIG_FID' true true false 4 Long 0 0 ,First,#,James_city_impervious_PA_1_2_3_4_5_6_7_8_9_10_12_13_14_15_16_17_18_22_25_single,ORIG_FID,-1,-1,James_city_impervious_pa11_19_20_06012010_accepted_building_roads_update_single,ORIG_FID,-1,-1;ImpClass 'ImpClass' true true false 30 Text 0 0 ,First,#,James_city_impervious_PA_1_2_3_4_5_6_7_8_9_10_12_13_14_15_16_17_18_22_25_single,ImpClass,-1,-1;Shape_Length 'Shape_Length' false true true 8 Double 0 0 ,First,#,James_city_impervious_PA_1_2_3_4_5_6_7_8_9_10_12_13_14_15_16_17_18_22_25_single,Shape_Length,-1,-1,James_city_impervious_pa11_19_20_06012010_accepted_building_roads_update_single,Shape_Length,-1,-1;Shape_Area 'Shape_Area' false true true 8 Double 0 0 ,First,#,James_city_impervious_PA_1_2_3_4_5_6_7_8_9_10_12_13_14_15_16_17_18_22_25_single,Shape_Area,-1,-1,James_city_impervious_pa11_19_20_06012010_accepted_building_roads_update_single,Shape_Area,-1,-1"</Process><Process ToolSource="C:\Program Files\ArcGIS\ArcToolbox\Toolboxes\Data Management Tools.tbx\MultipartToSinglepart" Date="20100212" Time="161024">MultipartToSinglepart I:\James_City_County_imp\for_edits\final_edits\JamesCity_final_editing.gdb\PA_1_2_3_4_5_6_7_8_8_9_10_11_12_13_14_15_16_17_18_19_20_22_25\James_city_impervious_PA_1_2_3_4_5_6_7_8_9_10_11_12_13_14_15_16_17_18_19_20_22_25 I:\James_City_County_imp\for_edits\final_edits\JamesCity_final_editing.gdb\PA_1_2_3_4_5_6_7_8_8_9_10_11_12_13_14_15_16_17_18_19_20_22_25\James_city_impervious_PA_1_2_3_4_5_6_7_8_9_10_11_12_13_14_15_16_17_18_19_20_22_25_single</Process><Process ToolSource="C:\Program Files\ArcGIS\ArcToolbox\Toolboxes\Conversion Tools.tbx\FeatureClassToFeatureClass" Date="20110506" Time="093932">FeatureClassToFeatureClass "M:\Departments\Real Estate\Stephen\Sanbord_Edge_of_Pavement.shp" "Database Connections\JCC_Editor.sde\jcc.GIS.Edge_of_Pavement" Sanbord_Edge_of_Pavement # "OBJECTID_1 'OBJECTID_1' true true false 10 Double 0 10 ,First,#,M:\Departments\Real Estate\Stephen\Sanbord_Edge_of_Pavement.shp,OBJECTID_1,-1,-1;Pavement 'Pavement' true true false 5 Text 0 0 ,First,#,M:\Departments\Real Estate\Stephen\Sanbord_Edge_of_Pavement.shp,Pavement,-1,-1;Code 'Code' true true false 20 Text 0 0 ,First,#,M:\Departments\Real Estate\Stephen\Sanbord_Edge_of_Pavement.shp,Code,-1,-1;ImpClass 'ImpClass' true true false 30 Text 0 0 ,First,#,M:\Departments\Real Estate\Stephen\Sanbord_Edge_of_Pavement.shp,ImpClass,-1,-1;Shape_Leng 'Shape_Leng' true true false 19 Double 8 18 ,First,#,M:\Departments\Real Estate\Stephen\Sanbord_Edge_of_Pavement.shp,Shape_Leng,-1,-1;Acres 'Acres' true true false 19 Double 8 18 ,First,#,M:\Departments\Real Estate\Stephen\Sanbord_Edge_of_Pavement.shp,Acres,-1,-1;Shape_area 'Shape_area' true true false 19 Double 0 0 ,First,#,M:\Departments\Real Estate\Stephen\Sanbord_Edge_of_Pavement.shp,Shape_area,-1,-1;Shape_len 'Shape_len' true true false 19 Double 0 0 ,First,#,M:\Departments\Real Estate\Stephen\Sanbord_Edge_of_Pavement.shp,Shape_len,-1,-1" # "Database Connections\JCC_Editor.sde\jcc.GIS.Edge_of_Pavement\jcc.GIS.Sanbord_Edge_of_Pavement"</Process><Process ToolSource="C:\Program Files\ArcGIS\ArcToolbox\Toolboxes\Data Management Tools.tbx\Project" Date="20130430" Time="162548">Project "C:\Documents and Settings\DJurgella\Desktop\JCC_layers\JCC_layers\JCC_Edge_Of_Pavement.shp" "C:\Documents and Settings\DJurgella\Desktop\JCC_layers\JCC_layers\NorthAmericaGCS\JCC_Edge_Of_Pavement.shp" GEOGCS['GCS_North_American_1983',DATUM['D_North_American_1983',SPHEROID['GRS_1980',6378137.0,298.257222101]],PRIMEM['Greenwich',0.0],UNIT['Degree',0.0174532925199433]] # PROJCS['NAD_1983_StatePlane_Virginia_South_FIPS_4502_Feet',GEOGCS['GCS_North_American_1983',DATUM['D_North_American_1983',SPHEROID['GRS_1980',6378137.0,298.257222101]],PRIMEM['Greenwich',0.0],UNIT['Degree',0.0174532925199433]],PROJECTION['Lambert_Conformal_Conic'],PARAMETER['False_Easting',11482916.66666666],PARAMETER['False_Northing',3280833.333333333],PARAMETER['Central_Meridian',-78.5],PARAMETER['Standard_Parallel_1',36.76666666666667],PARAMETER['Standard_Parallel_2',37.96666666666667],PARAMETER['Latitude_Of_Origin',36.33333333333334],UNIT['Foot_US',0.3048006096012192]]</Process></lineage></DataProperties><SyncDate>20110506</SyncDate><SyncTime>09384600</SyncTime><ModDate>20110506</ModDate><ModTime>09384600</ModTime><MetaID>{77BE635B-FA1B-472F-9142-9B269822DC27}</MetaID></Esri><idinfo><citation><citeinfo><onlink Sync="TRUE"></onlink><origin>REQUIRED: The name of an organization or individual that developed the data set.</origin><pubdate>REQUIRED: The date when the data set is published or otherwise made available for release.</pubdate><title Sync="TRUE">jcc.GIS.Sanbord_Edge_of_Pavement</title><ftname Sync="TRUE">jcc.GIS.Sanbord_Edge_of_Pavement</ftname><geoform Sync="TRUE">vector digital data</geoform></citeinfo></citation><native Sync="TRUE">Microsoft Windows XP Version 5.1 (Build 2600) Service Pack 3; ESRI ArcCatalog 9.3.0.1770</native><descript><langdata Sync="TRUE">en</langdata><abstract>REQUIRED: A brief narrative summary of the data set.</abstract><purpose>REQUIRED: A summary of the intentions with which the data set was developed.</purpose></descript><timeperd><current>REQUIRED: The basis on which the time period of content information is determined.</current><timeinfo><sngdate><caldate>REQUIRED: The year (and optionally month, or month and day) for which the data set corresponds to the ground.</caldate></sngdate></timeinfo></timeperd><status><progress>REQUIRED: The state of the data set.</progress><update>REQUIRED: The frequency with which changes and additions are made to the data set after the initial data set is completed.</update></status><spdom><bounding><westbc Sync="TRUE">REQUIRED: Western-most coordinate of the limit of coverage expressed in longitude.</westbc><eastbc Sync="TRUE">REQUIRED: Eastern-most coordinate of the limit of coverage expressed in longitude.</eastbc><northbc Sync="TRUE">REQUIRED: Northern-most coordinate of the limit of coverage expressed in latitude.</northbc><southbc Sync="TRUE">REQUIRED: Southern-most coordinate of the limit of coverage expressed in latitude.</southbc></bounding></spdom><keywords><theme><themekt>REQUIRED: Reference to a formally registered thesaurus or a similar authoritative source of theme keywords.</themekt><themekey>REQUIRED: Common-use word or phrase used to describe the subject of the data set.</themekey></theme></keywords><accconst>REQUIRED: Restrictions and legal prerequisites for accessing the data set.</accconst><useconst>REQUIRED: Restrictions and legal prerequisites for using the data set after access is granted.</useconst><natvform Sync="TRUE">SDE Feature Class</natvform></idinfo><distInfo><distributor><distorTran><onLineSrc><linkage Sync="TRUE">file://</linkage><protocol Sync="TRUE">Local Area Network</protocol><orDesc Sync="TRUE">002</orDesc></onLineSrc><transSize Sync="TRUE">0.000</transSize></distorTran><distorFormat><formatName Sync="TRUE">SDE Feature Class</formatName></distorFormat></distributor></distInfo><dataqual><lineage><procstep><procdesc Sync="TRUE">Dataset moved.</procdesc><srcused Sync="TRUE">C:\SanbornSudha\Projects\StJamesCityCounty\AncillaryData\jcc_edge_of_pavement\JCC_Edge_Of_Pavement</srcused><date Sync="TRUE">20090424</date><time Sync="TRUE">12452800</time></procstep><procstep><procdesc Sync="TRUE">Dataset copied.</procdesc><srcused Sync="TRUE"></srcused><procdate Sync="TRUE">20091216</procdate><proctime Sync="TRUE">10334400</proctime></procstep><procstep><procdesc Sync="TRUE">Dataset copied.</procdesc><srcused Sync="TRUE"></srcused><procdate Sync="TRUE">20091216</procdate><proctime Sync="TRUE">11263900</proctime></procstep><procstep><procdesc Sync="TRUE">Dataset copied.</procdesc><srcused Sync="TRUE"></srcused><procdate Sync="TRUE">20091224</procdate><proctime Sync="TRUE">12561700</proctime></procstep><procstep><procdesc Sync="TRUE">Dataset copied.</procdesc><srcused Sync="TRUE"></srcused><procdate Sync="TRUE">20091225</procdate><proctime Sync="TRUE">15370400</proctime></procstep><procstep><procdesc Sync="TRUE">Dataset copied.</procdesc><srcused Sync="TRUE"></srcused><procdate Sync="TRUE">20091225</procdate><proctime Sync="TRUE">19342900</proctime></procstep><procstep><procdesc Sync="TRUE">Dataset copied.</procdesc><srcused Sync="TRUE"></srcused><procdate Sync="TRUE">20091228</procdate><proctime Sync="TRUE">15235700</proctime></procstep><procstep><procdesc Sync="TRUE">Dataset copied.</procdesc><srcused Sync="TRUE"></srcused><procdate Sync="TRUE">20091231</procdate><proctime Sync="TRUE">17320100</proctime></procstep><procstep><procdesc Sync="TRUE">Dataset copied.</procdesc><srcused Sync="TRUE"></srcused><procdate Sync="TRUE">20100105</procdate><proctime Sync="TRUE">10111700</proctime></procstep><procstep><procdesc Sync="TRUE">Dataset copied.</procdesc><srcused Sync="TRUE">\\ANN-WKS-02\I$\James_City_County_imp\QC\JCC_Topology_Checks.gdb</srcused><procdate Sync="TRUE">20100202</procdate><proctime Sync="TRUE">10242700</proctime></procstep><procstep><procdesc Sync="TRUE">Dataset copied.</procdesc><srcused Sync="TRUE">\\ANN-WKS-02\I$\James_City_County_imp\for_edits\final_edits\JamesCity_final_editing.gdb</srcused><procdate Sync="TRUE">20100212</procdate><proctime Sync="TRUE">17463000</proctime></procstep><procstep><procdesc Sync="TRUE">Dataset copied.</procdesc><srcused Sync="TRUE"></srcused><procdate Sync="TRUE">20100222</procdate><proctime Sync="TRUE">09270700</proctime></procstep><procstep><procdesc Sync="TRUE">Dataset copied.</procdesc><srcused Sync="TRUE">Server=jccgis1; Service=sde:sqlserver:jccgis1; Database=jcc; User=gis; Version=dbo.DEFAULT</srcused><procdate Sync="TRUE">20110429</procdate><proctime Sync="TRUE">15595200</proctime></procstep><procstep><procdesc Sync="TRUE">Dataset copied.</procdesc><srcused Sync="TRUE">Server=localhost; Service=5151; User=gis; Version=dbo.DEFAULT</srcused><procdate Sync="TRUE">20110817</procdate><proctime Sync="TRUE">09083000</proctime></procstep><procstep><procdesc Sync="TRUE">Dataset copied.</procdesc><srcused Sync="TRUE">Server=localhost; Service=5155; Database=PublicGIS; User=gis; Version=dbo.DEFAULT</srcused><procdate Sync="TRUE">20110817</procdate><proctime Sync="TRUE">10302100</proctime></procstep><procstep><procdesc Sync="TRUE">Dataset copied.</procdesc><srcused Sync="TRUE">Server=jccgis1; Service=sde:sqlserver:jccgis1; Database=jcc; User=gis; Version=dbo.DEFAULT</srcused><procdate Sync="TRUE">20120110</procdate><proctime Sync="TRUE">10210600</proctime></procstep><procstep><procdesc Sync="TRUE">Dataset copied.</procdesc><srcused Sync="TRUE"></srcused><procdate Sync="TRUE">20130430</procdate><proctime Sync="TRUE">16254300</proctime></procstep></lineage></dataqual><dataIdInfo><envirDesc Sync="TRUE">Microsoft Windows XP Version 5.1 (Build 2600) Service Pack 3; ESRI ArcCatalog 9.3.0.1770</envirDesc><dataLang><languageCode Sync="TRUE" value="en"></languageCode></dataLang><idCitation><resTitle Sync="TRUE">jcc.GIS.Sanbord_Edge_of_Pavement</resTitle><presForm><PresFormCd Sync="TRUE" value="005"></PresFormCd></presForm></idCitation><spatRpType><SpatRepTypCd Sync="TRUE" value="001"></SpatRepTypCd></spatRpType></dataIdInfo><metainfo><langmeta Sync="TRUE">en</langmeta><metstdn Sync="TRUE">FGDC Content Standards for Digital Geospatial Metadata</metstdn><metstdv Sync="TRUE">FGDC-STD-001-1998</metstdv><mettc Sync="TRUE">local time</mettc><metc><cntinfo><cntorgp><cntper>REQUIRED: The person responsible for the metadata information.</cntper><cntorg>REQUIRED: The organization responsible for the metadata information.</cntorg></cntorgp><cntaddr><addrtype>REQUIRED: The mailing and/or physical address for the organization or individual.</addrtype><city>REQUIRED: The city of the address.</city><state>REQUIRED: The state or province of the address.</state><postal>REQUIRED: The ZIP or other postal code of the address.</postal></cntaddr><cntvoice>REQUIRED: The telephone number by which individuals can speak to the organization or individual.</cntvoice></cntinfo></metc><metd Sync="TRUE">20110506</metd><metextns><onlink Sync="TRUE">http://www.esri.com/metadata/esriprof80.html</onlink><metprof Sync="TRUE">ESRI Metadata Profile</metprof></metextns></metainfo><mdLang><languageCode Sync="TRUE" value="en"></languageCode></mdLang><mdStanName Sync="TRUE">ISO 19115 Geographic Information - Metadata</mdStanName><mdStanVer Sync="TRUE">DIS_ESRI1.0</mdStanVer><mdChar><CharSetCd Sync="TRUE" value="004"></CharSetCd></mdChar><mdHrLv><ScopeCd Sync="TRUE" value="005"></ScopeCd></mdHrLv><mdHrLvName Sync="TRUE">dataset</mdHrLvName><distinfo><resdesc Sync="TRUE">Downloadable Data</resdesc><stdorder><digform><digtinfo><transize Sync="TRUE">0.000</transize><dssize Sync="TRUE">0.000</dssize></digtinfo></digform></stdorder></distinfo><spdoinfo><direct Sync="TRUE">Vector</direct><ptvctinf><esriterm Name="jcc.GIS.Sanbord_Edge_of_Pavement"><efeatyp Sync="TRUE">Simple</efeatyp><efeageom Sync="TRUE">Polygon</efeageom><esritopo Sync="TRUE">FALSE</esritopo><efeacnt Sync="TRUE">0</efeacnt><spindex Sync="TRUE">TRUE</spindex><linrefer Sync="TRUE">FALSE</linrefer></esriterm><sdtsterm Name="jcc.GIS.Sanbord_Edge_of_Pavement"><sdtstype Sync="TRUE">G-polygon</sdtstype><ptvctcnt Sync="TRUE">0</ptvctcnt></sdtsterm></ptvctinf></spdoinfo><spref><horizsys><cordsysn><geogcsn Sync="TRUE">GCS_North_American_1983</geogcsn><projcsn Sync="TRUE">NAD_1983_StatePlane_Virginia_South_FIPS_4502_Feet</projcsn></cordsysn><planar><planci><plance Sync="TRUE">coordinate pair</plance><plandu Sync="TRUE">survey feet</plandu><coordrep><absres Sync="TRUE">0.000328</absres><ordres Sync="TRUE">0.000328</ordres></coordrep></planci><mapproj><mapprojn Sync="TRUE">Lambert Conformal Conic</mapprojn><lambertc><stdparll Sync="TRUE">36.766667</stdparll><stdparll Sync="TRUE">37.966667</stdparll><longcm Sync="TRUE">-78.500000</longcm><latprjo Sync="TRUE">36.333333</latprjo><feast Sync="TRUE">11482916.666667</feast><fnorth Sync="TRUE">3280833.333333</fnorth></lambertc></mapproj></planar><geodetic><horizdn Sync="TRUE">North American Datum of 1983</horizdn><ellips Sync="TRUE">Geodetic Reference System 80</ellips><semiaxis Sync="TRUE">6378137.000000</semiaxis><denflat Sync="TRUE">298.257222</denflat></geodetic></horizsys><vertdef><altsys><altenc Sync="TRUE">Explicit elevation coordinate included with horizontal coordinates</altenc><altres Sync="TRUE">1.000000</altres></altsys></vertdef></spref><refSysInfo><RefSystem><refSysID><identCode Sync="TRUE">NAD_1983_StatePlane_Virginia_South_FIPS_4502_Feet</identCode></refSysID></RefSystem></refSysInfo><spatRepInfo><VectSpatRep><topLvl><TopoLevCd Sync="TRUE" value="001"></TopoLevCd></topLvl><geometObjs Name="jcc.GIS.Sanbord_Edge_of_Pavement"><geoObjTyp><GeoObjTypCd Sync="TRUE" value="001"></GeoObjTypCd></geoObjTyp><geoObjCnt Sync="TRUE">0</geoObjCnt></geometObjs></VectSpatRep></spatRepInfo><eainfo><detailed Name="jcc.GIS.Sanbord_Edge_of_Pavement"><enttyp><enttypl Sync="TRUE">jcc.GIS.Sanbord_Edge_of_Pavement</enttypl><enttypt Sync="TRUE">Feature Class</enttypt><enttypc Sync="TRUE">0</enttypc></enttyp><attr><attrlabl Sync="TRUE">OBJECTID_1</attrlabl><attalias Sync="TRUE">OBJECTID_1</attalias><attrtype Sync="TRUE">Double</attrtype><attwidth Sync="TRUE">8</attwidth><atprecis Sync="TRUE">10</atprecis><attscale Sync="TRUE">0</attscale><attrdef Sync="TRUE">Internal feature number.</attrdef><attrdefs Sync="TRUE">ESRI</attrdefs><attrdomv><udom Sync="TRUE">Sequential unique whole numbers that are automatically generated.</udom></attrdomv></attr><attr><attrlabl Sync="TRUE">OBJECTID</attrlabl><attalias Sync="TRUE">OBJECTID</attalias><attrtype Sync="TRUE">OID</attrtype><attwidth Sync="TRUE">4</attwidth><atprecis Sync="TRUE">10</atprecis><attscale Sync="TRUE">0</attscale><attrdef Sync="TRUE">Internal feature number.</attrdef><attrdefs Sync="TRUE">ESRI</attrdefs><attrdomv><udom Sync="TRUE">Sequential unique whole numbers that are automatically generated.</udom></attrdomv></attr><attr><attrlabl Sync="TRUE">Shape</attrlabl><attalias Sync="TRUE">Shape</attalias><attrtype Sync="TRUE">Geometry</attrtype><attwidth Sync="TRUE">4</attwidth><atprecis Sync="TRUE">0</atprecis><attscale Sync="TRUE">0</attscale><attrdef Sync="TRUE">Feature geometry.</attrdef><attrdefs Sync="TRUE">ESRI</attrdefs><attrdomv><udom Sync="TRUE">Coordinates defining the features.</udom></attrdomv></attr><attr><attrlabl Sync="TRUE">Pavement</attrlabl><attalias Sync="TRUE">Pavement</attalias><attrtype Sync="TRUE">String</attrtype><attwidth Sync="TRUE">5</attwidth><atprecis Sync="TRUE">0</atprecis><attscale Sync="TRUE">0</attscale></attr><attr><attrlabl Sync="TRUE">Shape_Leng</attrlabl><attalias Sync="TRUE">Shape_Leng</attalias><attrtype Sync="TRUE">Double</attrtype><attwidth Sync="TRUE">8</attwidth><atprecis Sync="TRUE">19</atprecis><attscale Sync="TRUE">8</attscale></attr><attr><attrlabl Sync="TRUE">Code</attrlabl><attalias Sync="TRUE">Code</attalias><attrtype Sync="TRUE">String</attrtype><attwidth Sync="TRUE">20</attwidth><atprecis Sync="TRUE">0</atprecis><attscale Sync="TRUE">0</attscale></attr><attr><attrlabl Sync="TRUE">Acres</attrlabl><attalias Sync="TRUE">Acres</attalias><attrtype Sync="TRUE">Double</attrtype><attwidth Sync="TRUE">8</attwidth><atprecis Sync="TRUE">19</atprecis><attscale Sync="TRUE">8</attscale></attr><attr><attrlabl Sync="TRUE">ImpClass</attrlabl><attalias Sync="TRUE">ImpClass</attalias><attrtype Sync="TRUE">String</attrtype><attwidth Sync="TRUE">30</attwidth><atprecis Sync="TRUE">0</atprecis><attscale Sync="TRUE">0</attscale></attr><attr><attrlabl Sync="TRUE">Shape.area</attrlabl><attalias Sync="TRUE">Shape.area</attalias><attrtype Sync="TRUE">Double</attrtype><attwidth Sync="TRUE">0</attwidth><atprecis Sync="TRUE">0</atprecis><attscale Sync="TRUE">0</attscale></attr><attr><attrlabl Sync="TRUE">Shape.len</attrlabl><attalias Sync="TRUE">Shape.len</attalias><attrtype Sync="TRUE">Double</attrtype><attwidth Sync="TRUE">0</attwidth><atprecis Sync="TRUE">0</atprecis><attscale Sync="TRUE">0</attscale></attr></detailed></eainfo><mdDateSt Sync="TRUE">20110506</mdDateSt></metadata>
